t,N,KE,PE,E,dE_rel,px,py,pz,p_norm,Lz,Q,r_hm,com_x,com_y,com_z,t_over_tff
0.11105000000000001,200,0.010400014711683387,-0.7052541707457259,-0.6948541560340425,0.0,6.854727556581992e-06,-1.59287028323312e-05,1.6208503298456705e-05,2.3736605548640742e-05,9.181538298989997e-06,0.014746477430522043,0.7357088169831615,-6.089111246960912e-08,-6.749507867493e-07,8.66308925814239e-07,0.04999006345462332
0.22210000000000002,200,0.04593620601036232,-0.7404121124139784,-0.6944759064036161,0.0005443583047489164,0.00025876204667827095,-0.0001975680736735342,0.00022974672533267624,0.00039846517832463964,6.0044240395425445e-05,0.06204140267316227,0.7205358389203033,-1.0286691804007923e-06,-4.103530995587409e-06,7.384198859715108e-06,0.09998012690924664
0.33315,200,0.11182809777341728,-0.8059095656059478,-0.6940814678325306,0.0011120149383896602,0.0012245604503237752,-0.0005126254956063947,0.0002486485219305703,0.001350614409334184,0.0003211418078981266,0.13876010727002092,0.688711698922521,5.8247223897761456e-05,-4.4861715914774846e-05,4.920544784880325e-05,0.14997019036386994
0.44420000000000004,200,0.18889270852548287,-0.883524103427731,-0.6946313949022481,0.0003205868884282976,0.0009653121572784243,-0.00020100800485023626,-0.0001369049141016759,0.0009954771391190182,0.0006310963843616159,0.21379462970240698,0.6448442661707762,0.00018633519712033493,-8.301066112202891e-05,5.382546456941033e-05,0.19996025381849328
0.55525,200,0.2599477035162888,-0.9548204577482015,-0.6948727542319126,2.6765613630695205e-05,0.0016037225293288506,-0.0002917016988019885,-0.0003670368052643952,0.0016708476437364318,0.0006642583882496636,0.2722477314000329,0.6008315071496065,0.00032433993377285986,-0.00011014297597569556,1.5623826297905745e-05,0.2499503172731166
0.6663,200,0.3769636208090746,-1.071284697101305,-0.6943210762922305,0.0007671822024562105,0.002099225721015295,-0.00045349705027236014,-0.0007928709817680381,0.002289334531279282,0.000663227336757986,0.35187996414871536,0.5290378468413236,0.0005407883755332785,-0.00015626189124144692,-5.71784295564943e-05,0.2999403807277399
0.77735,200,0.6193114259878435,-1.3140288131412274,-0.6947173871533839,0.00019683106083618257,0.0016429262294401124,-0.0001513736638984343,-0.0012621324563830188,0.0020772816176339148,0.0005261334765724921,0.47130734105240807,0.44319677237661964,0.0007616354574427908,-0.00018615912655399594,-0.00019217268113089708,0.3499304441823632
0.8884000000000001,200,0.9437565648178917,-1.638595983553969,-0.6948394187360772,2.1209195969152367e-05,0.0016479850354517186,0.00025247627833014014,-0.0018375333720297862,0.0024811545380155984,0.00038923382431613575,0.5759543989427874,0.33198591076424466,0.0009338831843397287,-0.00016124250781052434,-0.00038668800541389334,0.39992050763698656
0.9994500000000001,200,1.3852836293223545,-2.081638781753797,-0.6963551524314426,0.0021601603507233713,0.0016308131446528134,0.0012967401551120241,-0.0016267974746053144,0.0026433986770887557,0.0007387430300062855,0.6654774312742396,0.24138413224374772,0.0010909432758986683,-0.00011308780884914484,-0.0005848340145239134,0.44991057109160987
1.1105,200,1.4163240286490741,-2.108785447752701,-0.6924614191036267,0.003443509561880833,0.0017864331885753231,0.001103543535281937,-0.002131772855481381,0.0029922579064768453,0.0006019514056684986,0.671630217364421,0.21229037709140997,0.00128932922553467,1.465715410930682e-05,-0.0008167795922165363,0.4999006345462332
1.2215500000000001,200,1.176487194414461,-1.8713225298293161,-0.6948353354148551,2.7085711474872387e-05,0.0029857026027578196,0.0011980591259498038,-0.001739144878553696,0.0036571013945454088,0.0005802785439935242,0.628692903366994,0.21611515179289442,0.0015804795995818096,0.0001473759106810435,-0.0010246212256804557,0.5498906980008565
1.3326,200,1.1493111710186628,-1.8445281083574567,-0.695216937338794,0.0005220970495766186,0.0031972930969511835,0.0011809563676777998,-0.0016324713414855912,0.0037791935344650184,0.0005555772628799776,0.6230922509725909,0.22103521619753352,0.001923384040736271,0.00028087652209340415,-0.001208172258671184,0.5998807614554797
1.44365,200,1.0234824848434914,-1.7193149471406342,-0.6958324622971428,0.0014079303615078596,0.003003313172960503,0.0009023527602892167,-0.0016297034959336714,0.0035341284644927785,0.0005403945378955878,0.5952850503310223,0.2538986674085077,0.0022709837134696747,0.00039282297931151987,-0.0013994135460512322,0.6498708249101032
1.5547,200,0.9055480798167296,-1.6032388076253206,-0.697690727808591,0.004082254887469458,0.001664423641062592,0.0014913661376557562,-0.0014126463201294514,0.0026438700117913483,0.0005162872021161351,0.5648242018031026,0.28904143353755013,0.0025423298988020656,0.0005242681234891401,-0.0015650493501908928,0.6998608883647264
1.66575,200,0.762243072524664,-1.459145692514127,-0.6969026199894631,0.0029480487921557702,0.0017364791458990318,0.001448077817998628,-0.001196783434505862,0.002558237631696779,0.0005513521917523222,0.5223899686201378,0.3129204966799741,0.0027269646827613615,0.000679292573379734,-0.0017139685686429137,0.7498509518193498
1.7768000000000002,200,0.6262714196783401,-1.3228062371234466,-0.6965348174451065,0.0024187254209667463,0.0018290835577849237,0.0018533307149672816,-0.0009098250446869385,0.0027582898709780086,0.0006031185934245971,0.4734415382257495,0.3201846181872473,0.0029277895792660814,0.0008734893781569927,-0.0018277257455639616,0.7998410152739731
1.88785,200,0.610569705390653,-1.307334549364391,-0.6967648439737381,0.0027497683119591227,0.0015130979080046948,0.001796450892658125,-0.0007609753472255747,0.002468964270301505,0.0005955033715537014,0.4670340164172239,0.3330077397696126,0.003125694115675306,0.0010769338770390566,-0.0019239627563217732,0.8498310787285964
1.9989000000000001,200,0.5797050568780073,-1.2774839794524344,-0.6977789225744271,0.004209180466125393,0.0012620844565073557,0.001418133824653413,-0.000306254204761463,0.001922954070672948,0.0006747935893154481,0.4537865571719226,0.3313327033058757,0.0032751598104964062,0.0012459239592849123,-0.001955478177954291,0.8998211421832197
2.10995,200,0.5344539738366166,-1.2314178874833488,-0.6969639136467322,0.0030362596155879495,0.0011848348986236337,0.0014656528736173107,-0.0003471658531548946,0.001916375801489865,0.000662358980677522,0.4340151132032695,0.3288914459075497,0.0034130792412200976,0.0014037621601441551,-0.0019938857077952906,0.949811205637843
2.221,200,0.5360807395798982,-1.233274758634243,-0.6971940190543447,0.0033674160253386563,0.0010462353891240379,0.0016939030040785679,-0.0002655838021796114,0.0020085941931266512,0.000576906264906222,0.4346807034091628,0.34693573379840686,0.003529591586778904,0.001579506427024534,-0.002029404538940707,0.9998012690924664
2.33205,200,0.5220522675006138,-1.218716991996635,-0.6966647244960211,0.0026056812731935,0.001479106724896413,0.0021395592762197685,-0.00043110412925690626,0.002636535865554309,0.000666108976643445,0.42836218000483517,0.349788282986907,0.003687298781137788,0.0017982069756552136,-0.0020713276546900344,1.0497913325470898
2.4431000000000003,200,0.4636333384156877,-1.1596792482894016,-0.696045909873714,0.0017151136383402718,0.0015884611363825875,0.002028530786178659,-0.00036209842864160945,0.002601780391250805,0.0006887927827113166,0.3997944596314675,0.34467928638977,0.0038580956167559824,0.0020262377688683255,-0.0021089461448804444,1.099781396001713
2.55415,200,0.4464285515048394,-1.1431755504755345,-0.6967469989706951,0.0027240866593591473,0.0016118759759638625,0.0020642802115730706,-0.0002780396316764383,0.0026337621362918073,0.0005893472607424377,0.390516182155169,0.33953583155486855,0.004018568575746771,0.0022502463567642475,-0.0021452585621683116,1.1497714594563362
2.6652,200,0.48717918302456553,-1.1834858509297428,-0.6963066679051773,0.002090383799997805,0.0016029894655259854,0.0018015204622221215,-0.00034265293227366667,0.002435664639146373,0.000535073786887365,0.41164766155999166,0.3543212988715031,0.004204674803145767,0.0024676642775478294,-0.0021825653517797117,1.1997615229109595
2.77625,200,0.5273471029449595,-1.2237745760139052,-0.6964274730689457,0.0022642406629371503,0.0014663385013890676,0.0017724912040470936,-0.00028868611114516574,0.0023184506334723567,0.0005628154524623201,0.4309184986197715,0.3334795030518088,0.004376422335017891,0.0026659146918192357,-0.00222235078350979,1.249751586365583
2.8873,200,0.5635578641013276,-1.260333947476784,-0.6967760833754565,0.002765943507316063,0.0017425962924499058,0.0017573369145745053,-0.0002418650346936251,0.0024866390097466394,0.0005664189563995331,0.4471496346104004,0.30704931580812267,0.004550304504709536,0.0028646333018082933,-0.0022474845478376495,1.2997416498202063
2.9983500000000003,200,0.5603391969857039,-1.2561176293182605,-0.6957784323325567,0.0013301730881045799,0.0018206877834307247,0.0014481218889129937,-0.0003970967412659916,0.0023600099219721286,0.000524386980314354,0.4460881560032079,0.28837687587722133,0.004759377927604762,0.0030389739958348572,-0.0022823529258842023,1.3497317132748297
3.1094,200,0.5912175817362623,-1.2869230358946855,-0.6957054541584232,0.0012251464814423095,0.0015254974149728202,0.0014837302970441913,-0.00046512824855009775,0.0021782888341665995,0.0004891404844277236,0.4594039932817274,0.2907519354753212,0.004938940365187974,0.003203383642556382,-0.0023270886480253046,1.3997217767294527
3.22045,200,0.6514781808337908,-1.3485428252813663,-0.6970646444475754,0.003181226440595094,0.0012581383847505778,0.001205794375641424,-0.0003072308715047524,0.001769531881576835,0.0004965960997343618,0.48309788063116454,0.27774325284267193,0.005100082156133087,0.003366891534701354,-0.002369852902206842,1.4497118401840763
3.3315,200,0.6138477951009266,-1.3099182513620085,-0.6960704562610819,0.0017504395943769037,0.001285763052869045,0.0009154145623942435,-0.00020152372255434839,0.0015911575220319113,0.00048138124327888355,0.4686153463872028,0.2799908627652943,0.005232438392876397,0.003470231182005253,-0.0023928692167470367,1.4997019036386996
3.44255,200,0.6083697201749486,-1.3062020639668335,-0.6978323437918849,0.004286061660537009,0.0014216962937578417,0.0009521418666529034,-0.00012890875853713437,0.0017159288895364062,0.0005120782990178275,0.46575467682800725,0.28177952714760957,0.005379235813205957,0.0035765686301580234,-0.002413701102148531,1.549691967093323
3.5536000000000003,200,0.5345896771701234,-1.230866671040659,-0.6962769938705357,0.002047678385654498,0.0014376201208546417,0.0009596389900264093,-0.0001830389223181614,0.0017381489723692892,0.0005257830160015533,0.43431972751211523,0.2863106145573498,0.005532080802608908,0.0036819846972172723,-0.0024309789405724024,1.5996820305479462
3.66465,200,0.5127166499676215,-1.209290785255212,-0.6965741352875905,0.002475309730267595,0.0015221502059263087,0.0009384895030224436,-0.0003107247083495067,0.0018150078900830442,0.0005380491090759086,0.42398127581813694,0.28817560285690735,0.005700163159859588,0.003787169986186288,-0.002458835308680866,1.6496720940025693
3.7757,200,0.5175191678582423,-1.2125536182731673,-0.6950344504149251,0.0002594708246570298,0.0014701072278981119,0.0010213991356392727,-0.00014582022813315092,0.001796033127404873,0.0005431041011760883,0.42680105857525397,0.29374780988440813,0.005865329146684393,0.003896302112699245,-0.002488866773237771,1.6996621574571928
3.88675,200,0.5782276077752893,-1.2737947247805728,-0.6955671170052835,0.001026058439817451,0.0013421409738641522,0.000976886933303677,-2.930849417711772e-06,0.001660017790285028,0.00044366269940520025,0.4539409659393088,0.2638869505212595,0.006021342176222526,0.004008840704258391,-0.002502637574224828,1.7496522209118162
3.9978000000000002,200,0.6232055528478723,-1.3185658925804795,-0.6953603397326072,0.0007284747369920031,0.0010216247724780041,0.0007390903176007825,8.524502784462308e-05,0.001263818969664639,0.00042239978043489873,0.472638915017161,0.26069023779643014,0.006158671044108135,0.004100892588079878,-0.0024974923748148237,1.7996422843664395
4.10885,200,0.646355739670859,-1.3423139897010372,-0.6959582500301782,0.0015889578936066039,0.0007722282932083783,0.0009226185003449144,0.00011233576407716729,0.0012083793931961207,0.00041173517440958447,0.48152350689186857,0.23768064424689173,0.0062665198203462995,0.004192787454804025,-0.00248749975076672,1.8496323478210628
4.2199,200,0.5911840088664009,-1.2865533138781924,-0.6953693050117915,0.0007413771268048943,0.0005806069983204049,0.000848186407538773,0.0003499521376683178,0.001085813596843761,0.00047449922416702313,0.45950991885779924,0.2482177900069815,0.006336324964813003,0.00429205136333376,-0.002463693260720547,1.899622411275686
4.3309500000000005,200,0.5210827542936821,-1.216035679445076,-0.6949529251513938,0.00014214366639904644,0.0005624512399353301,0.0008397788444204487,0.0004067000798735,0.0010894883477165077,0.00047571767758200235,0.4285094287130393,0.27746538788864145,0.0064006636864645874,0.004384632642030512,-0.002417359291800456,1.9496124747303096
4.442,200,0.5314660390607091,-1.2273220281007196,-0.6958559890400104,0.0014417888952207953,0.0004728779367578477,0.0008860314758178245,0.00044245130451473554,0.001097464567117801,0.00047915667796194484,0.43302900696987623,0.28361347621833916,0.006456078849669771,0.004477104908221304,-0.002368842946682355,1.9996025381849327
4.55305,200,0.5341356952594233,-1.2304233516619707,-0.6962876564025474,0.0020630233784406397,0.0005549245038575882,0.0008796447076612156,0.0005007505070244866,0.0011543253817634161,0.0004652147941018463,0.43410724815808294,0.27687078801321363,0.006509791316354598,0.0045830632505423335,-0.00231863421220899,2.049592601639556
4.6641,200,0.546726460258234,-1.2435684322815408,-0.6968419720233068,0.0028607672156843833,0.0005467538516720827,0.0010455111216541373,0.0006079789242056077,0.001327279794202774,0.00044542246422473705,0.4396432444454786,0.2690811844876013,0.006572661835014939,0.004691394925154744,-0.0022562304383949676,2.0995826650941796
4.77515,200,0.5313880948479638,-1.2276697798409422,-0.6962816849929784,0.0020544296188478046,0.0005306070490993336,0.0010597492027898847,0.0006387977760422794,0.001346356123781617,0.000446634127807095,0.43284285690962504,0.26194753687172156,0.006628996205691667,0.004806853189263565,-0.002183664927814523,2.1495727285488027
4.8862000000000005,200,0.5211553185131202,-1.2164205837351922,-0.695265265222072,0.0005916481674023473,0.00048697566887849903,0.0011182353350048337,0.00047970338376526777,0.0013106147042242745,0.00042309251370014765,0.4284334920680467,0.27378822547745685,0.006685546978395168,0.004929972487210614,-0.0021243777247346323,2.199562792003426
4.99725,200,0.5214688432049227,-1.2173930712609102,-0.6959242280559875,0.001539995138048154,0.0009934574521335538,0.001398202069204904,0.0004342640395286046,0.0017693252927475686,0.0009438672071459622,0.4283487852159478,0.285133924391337,0.006760057559669305,0.0050634688256067035,-0.002069059688757937,2.2495528554580493
5.1083,200,0.4976512214219721,-1.1929010975683785,-0.6952498761464063,0.0005695009649541277,0.0013931984549577956,0.0011633745806714183,0.00036638363529097506,0.00185166933280708,0.0009578791169277939,0.4171772684561942,0.2841840759352493,0.0068956952056782005,0.005203274342976526,-0.002019915450028138,2.2995429189126724
5.21935,200,0.5162060318258876,-1.2115847636316652,-0.6953787318057776,0.0007549437060707975,0.001405052417322286,0.0011783032969584892,0.0003365505683673722,0.0018643597399951668,0.0010434978939271677,0.4260585369847221,0.27585742291502163,0.007047962937070441,0.005332733353561439,-0.0019794434743824548,2.349532982367296
5.3304,200,0.5677375443129907,-1.263954873515863,-0.6962173292028723,0.0019618119241168333,0.0013873999016337656,0.0010753364586857728,0.00017988649325840047,0.0017645356717530666,0.0010384793354303716,0.44917548577802563,0.2664793105972818,0.00720415070310841,0.005459985457301141,-0.001945164836891163,2.399523045821919
5.441450000000001,200,0.5806805893149927,-1.2759546934380355,-0.6952741041230428,0.0006043686798927064,0.0014925564594491987,0.0008759290066401794,0.00024204858326735176,0.0017474449708013442,0.0010256985688936798,0.4550949906774197,0.2654056886388692,0.007364419763689006,0.0055714700270430625,-0.001926111260864157,2.4495131092765425
5.5525,200,0.630382810784939,-1.3268082798284335,-0.6964254690434946,0.0022613565678594443,0.0013859182592057511,0.0008715045864407214,0.0003032996871090224,0.001665016626219553,0.0010108977215010986,0.4751122075198779,0.2460810301654076,0.007520974995374888,0.0056607168235425385,-0.001891093869170785,2.499503172731166
5.66355,200,0.573552025089977,-1.269477774422276,-0.695925749332299,0.0015421844842559407,0.0015073420637269528,0.0012218508739661143,0.00012138398762217642,0.0019441537304810664,0.0010511387130839708,0.45180154914566634,0.25893380596590765,0.00769774804568765,0.005777496895297086,-0.0018738939226765495,2.549493236185789
5.7746,200,0.524188695373803,-1.2193925384795088,-0.6952038431057058,0.0005032524719419565,0.0010827828875458688,0.0011765453394029807,0.00013511962856432993,0.0016046604099485995,0.0011763845222345828,0.4298769090611519,0.27364076738402837,0.007830189910053867,0.005918062998866972,-0.001862626074959447,2.5994832996404127
5.88565,200,0.5410891722754074,-1.236179179443058,-0.6950900071676507,0.0003394253766204412,0.0009117357764085406,0.0012184675854399177,3.9631923845734865e-05,0.0015223324446844,0.0012101545964147637,0.4377109574998561,0.27166537448800765,0.007941807640918338,0.006054544828902576,-0.0018524423790436506,2.649473363095036
5.996700000000001,200,0.6084576744422776,-1.3037836418124396,-0.695325967370162,0.0006790077198534934,0.0011931927085659744,0.0011648988008122149,-9.773018576698045e-05,0.0016704039167574982,0.0010749182205730015,0.4666860780646376,0.2620670160150277,0.0080499694846392,0.006187607710744978,-0.0018455025154692456,2.6994634265496593
6.10775,200,0.6348723020372273,-1.3306707987445423,-0.695798496707315,0.0013590487515572408,0.0014728996788001963,0.000765698788797599,0.00010163777836950529,0.0016631471182573477,0.0007689552433997768,0.47710696186931806,0.25519610886884814,0.008207092115833982,0.006283302033396347,-0.0018509950767249467,2.7494534900042824
6.2188,200,0.584012339194378,-1.2786094568006399,-0.6945971176062619,0.0003699170905845371,0.001480457248337428,0.0011611576727567038,0.00028891920215473973,0.0019035532854454913,0.0007804644344697946,0.45675584212845133,0.2528786788635756,0.008365707413629976,0.0063913145819920495,-0.0018278829267322435,2.7994435534589055
6.32985,200,0.5468752062780714,-1.2417523597984785,-0.6948771535204071,3.3096853728047095e-05,0.0016511104833260627,0.0011007030875191809,0.0002518468218944794,0.002000284963879355,0.0007866051655873265,0.44040601329464973,0.275128657364677,0.00853731799501602,0.006521359988211237,-0.0017943877502850662,2.849433616913529
6.4409,200,0.514503823443438,-1.2096274795846889,-0.6951236561412508,0.0003878513280347602,0.001549546290998676,0.0009364179962356721,0.0001444389970079034,0.001816269527211871,0.0007897844844618295,0.4253407202852954,0.2667520906882032,0.008718366971421634,0.006631037484198398,-0.001772311991550388,2.8994236803681526
6.551950000000001,200,0.505135006125894,-1.1995202129744553,-0.6943852068485613,0.0006748886531208469,0.001584145130943343,0.0008814113459654729,0.00010877574748965149,0.0018161040498633609,0.0007868952306974827,0.4211142093831905,0.27427332780423924,0.008893926440844304,0.006732698935212335,-0.0017560247760739123,2.949413743822776
6.663,200,0.5564194969422237,-1.2516747583180203,-0.6952552613757966,0.000577251122801705,0.0014972956121985762,0.000841187089644013,0.00010005396533823182,0.0017203199313130038,0.0008019176519455443,0.4445399999037537,0.25221799081406515,0.009063058722487475,0.006826570598638034,-0.0017425480125764573,2.999403807277399
6.77405,200,0.6163470253859341,-1.3128424509501813,-0.6964954255642472,0.00236203455926972,0.0016660276495090783,0.0008531849304727238,0.0003662059157444225,0.0019072701505661704,0.0008260742821826787,0.4694752404904698,0.2595369253322022,0.009234135632658161,0.006920870373561138,-0.0017220065707251337,3.0493938707320223
6.8851,200,0.5847161569496776,-1.280602767651074,-0.6958866107013965,0.0014858580874679663,0.0017418303296288897,0.0009290123992368467,0.0001954642212176979,0.0019837447408694317,0.0008061095382517089,0.4565944816925425,0.2570286777328851,0.009425031828244146,0.007026174265516164,-0.0016891223152178036,3.099383934186646
6.99615,200,0.5669369157850724,-1.2628060729298156,-0.6958691571447432,0.0014607397853009364,0.001514170607623354,0.0008140216816685513,0.00019396749937388447,0.0017300194559687271,0.0008038763317804586,0.4489501024252532,0.27606858741351425,0.009599126596361838,0.007122183647057554,-0.0016634245970300354,3.149373997641269
7.107200000000001,200,0.5748809412168562,-1.2711514801512922,-0.696270538934436,0.0020383887584088708,0.0014311028564931562,0.0008832066511869019,0.00023024556934164635,0.0016973869319530867,0.00080652379764032,0.45225211172191215,0.27033834730505324,0.009765539533040626,0.007217973672742785,-0.0016410048636822825,3.1993640610958924
7.21825,200,0.5463741946734653,-1.2415111332230395,-0.6951369385495743,0.00040696671823296353,0.0014398838632285942,0.0007647478626391653,0.0003108950444888503,0.0016597471378752237,0.0007841691492171054,0.4400880346961079,0.27856830881308503,0.009927010684391538,0.007307056428411257,-0.0016066566528619426,3.2493541245505155
7.3293,200,0.5768340019357976,-1.2724865433375214,-0.6956525414017238,0.00114899703880043,0.001539167261407638,0.0008664853640233215,0.000468289813155519,0.0018273281297459818,0.0007733425415068988,0.45331245737409337,0.25563923559862434,0.01009526476706937,0.007396511720444377,-0.0015626382187927763,3.2993441880051386
7.4403500000000005,200,0.6421344949480229,-1.3394847079368786,-0.6973502129888557,0.003592202670355553,0.0014027861280648253,0.0007924942249404528,0.0007185370176464969,0.0017641290948746907,0.0007934380414090689,0.47938919432463023,0.27324704530137855,0.010263135554291931,0.007483650628093692,-0.0014965152030615924,3.3493342514597626
7.5514,200,0.5520415433115424,-1.2485987451527496,-0.6965572018412072,0.0024509399452756395,0.0014014115830682187,0.0010374134942287391,0.0008034338633485328,0.0019198143545511898,0.0008206809577574905,0.4421288628189414,0.29409294318261836,0.010419583732366382,0.007591480500997098,-0.0014071190520284656,3.3993243149143857
7.66245,200,0.46706212638457556,-1.1636309972976742,-0.6965688709130986,0.0024677335008586295,0.0013135987333768796,0.0011754015039401144,0.0008778868928325156,0.0019692119551742403,0.000838064022811601,0.401383365920334,0.2895900040979,0.010565352365366274,0.007713955402476284,-0.0013116881359207786,3.449314378369009
7.7735,200,0.47398470423931344,-1.17037292837016,-0.6963882241308466,0.002207755517445378,0.001349728215415944,0.0011288516840749433,0.0009012925859668067,0.001976967553008263,0.0008088362678849227,0.4049860456866307,0.3095558188459286,0.010716385949798509,0.0078426230568931,-0.0012138567660389117,3.4993044418236323
7.88455,200,0.5316821557190705,-1.2293345405178173,-0.6976523847987468,0.0040270735094619856,0.001319727163977076,0.0008583649217974247,0.0007846122089070484,0.001759001547661989,0.0008292650603297629,0.43249590587043674,0.2861940448551166,0.010868436722883146,0.007955521825053172,-0.0011182541543416748,3.5492945052782554
7.9956000000000005,200,0.5505445743271725,-1.2475574783206556,-0.697012903993483,0.003106764118332086,0.001427104618584183,0.0005949159107522218,0.0006841156580052186,0.001690729655142526,0.0008229312889651612,0.4412979633357365,0.265704308811364,0.011021010160867697,0.008030521788962372,-0.0010380909611208207,3.599284568732879
8.10665,200,0.5728962628768645,-1.2692893033359374,-0.6963930404590729,0.0022146869406577583,0.0012664580565735024,0.0005863378847682019,0.0007905034005327492,0.0016039338360506715,0.0008505514712085491,0.4513519978236502,0.2630677667976477,0.011171557036400067,0.008098275473939518,-0.0009542011932568317,3.649274632187502
8.2177,200,0.5768955323839444,-1.2739829586503109,-0.6970874262663664,0.0032140129161355676,0.0011917899668866042,0.0006698412269820034,0.0005899138693510594,0.0014889758116870362,0.0008403531810085849,0.45282829606694414,0.2827044847273068,0.011306806245253749,0.008167701928895207,-0.0008704222884222847,3.6992646956421256
8.32875,200,0.5598767496912744,-1.2567298950109655,-0.6968531453196911,0.0028768472754887456,0.0009258676117268459,0.0006779602417634897,0.0006394799202069803,0.0013136953574572412,0.0008424638560513248,0.44550284982787747,0.2861407288968893,0.011424668619931772,0.008247659746047525,-0.000799288349719084,3.7492547590967487
8.4398,200,0.5945013549929491,-1.2913542793187793,-0.6968529243258302,0.0028765292319698882,0.000829040895211397,0.0005416287846275431,0.0007526173570988142,0.0012438261263040056,0.0008854676797610938,0.46037045334032034,0.2529008958833552,0.011525492849196387,0.008311210107206313,-0.0007183256234778483,3.799244822551372
8.55085,200,0.673367252935224,-1.3701450652463318,-0.6967778123111078,0.0027684317066544407,0.0007596808296167081,0.0005552883612752803,0.000638803514445687,0.0011373346284726748,0.000892537908638302,0.4914569048308491,0.24672479661757724,0.011615046427284116,0.008369411869869106,-0.0006392764666559976,3.8492348860059957
8.661900000000001,200,0.7445511674341412,-1.4411127782056634,-0.6965616107715222,0.002457285061407956,0.0008722790453531939,0.0007370155549865867,0.0006009721862200407,0.001290437999233036,0.0008892509112363716,0.5166501738754863,0.2350960294228949,0.011704394707980516,0.008442769841840567,-0.0005724701234215496,3.8992249494606193
8.77295,200,0.8137862070159608,-1.5121714668096808,-0.69838525979372,0.005081791234914151,0.0007424423789182998,0.0009165856316805945,0.0007724525284883252,0.0014099761753253795,0.0008150808066943394,0.5381573616997645,0.226902549714666,0.011795732401353825,0.008520723015763232,-0.0004932922046628495,3.949215012915242
8.884,200,0.7245336596278846,-1.421378992724498,-0.6968453330966133,0.0028656043074357608,0.0007596332165686773,0.0008988104860139525,0.0005313134888973903,0.0012911998052073234,0.0007691885027333509,0.5097399520722472,0.24616915738317605,0.011879900901517484,0.008624101009171352,-0.0004228128443274881,3.9992050763698654
8.99505,200,0.6095839502693349,-1.3056948579896392,-0.6961109077203044,0.001808655349253253,0.0006806820874145554,0.0011743324984056622,0.0005989774979944707,0.0014836303326780688,0.0007578906432946396,0.4668655517322807,0.2845040595695829,0.011968617984932232,0.008731580411164373,-0.000365831336450244,4.049195139824489
9.1061,200,0.5780903692708766,-1.2744332961324372,-0.6963429268615605,0.002142565910543439,0.0006161325863450578,0.0013067087893809783,0.0006245036146274381,0.0015738843632505178,0.0007650478061422643,0.4536058270175659,0.27029078346165214,0.012036482047835152,0.008862787632487224,-0.0002941580506601712,4.099185203279112
9.21715,200,0.6124104245966362,-1.3096976915832779,-0.6972872669866417,0.0035016138731707074,0.0004973545278933703,0.0013064560105632175,0.0004150876872865181,0.001458247791731455,0.0007785029860271124,0.4675967809459147,0.2778327553791573,0.012104811543843281,0.009007691101322565,-0.00023583963433654767,4.149175266733735
9.3282,200,0.6614857919391619,-1.3592208313966458,-0.6977350394574839,0.004146026037872979,0.0004061282925806003,0.0012757041940415434,0.0002646024025504078,0.0013646889067348152,0.0007763736849096231,0.4866654311495967,0.2695086707837467,0.012146134587166986,0.009147663748267325,-0.00019603005283640567,4.199165330188359
9.43925,200,0.6031650401100179,-1.300367841424309,-0.697202801314291,0.0033800550228462733,0.00023145498975691027,0.0011780781981837682,0.0006588183181732406,0.001369482102723472,0.0007498296168647322,0.4638418614300426,0.2783645554523058,0.012180613727693959,0.009276943334750765,-0.00013769795069157225,4.249155393642981
9.5503,200,0.5318833499283458,-1.2279378084034867,-0.6960544584751408,0.0017274163659739983,0.00014044168600913886,0.0012307816158738329,0.0007538753702467443,0.0014501294173303147,0.0007539462189250938,0.43315170058968894,0.29776767339290167,0.012200518108538535,0.009409841260424903,-6.05896020490633e-05,4.299145457097605
9.66135,200,0.5506702580883058,-1.2476400831248726,-0.6969698250365668,0.0030447669977246186,-0.00026844026633660376,0.0011708812112798664,0.0010062313536906649,0.001567011335207637,0.000739290652399097,0.4413694827029622,0.32891788858373794,0.012202197042305319,0.009543707083321912,3.131688251605701e-05,4.349135520552228
9.772400000000001,200,0.5297907332101052,-1.226850553188935,-0.6970598199788299,0.003174283301947068,-0.00031134470241764127,0.0010843454059183187,0.0008672906971138506,0.0014230016290784498,0.0007329848257271852,0.4318298849301797,0.28810258340650874,0.012171675267582564,0.009672762304491921,0.00013542102819425034,4.399125584006852
9.88345,200,0.5086475382423054,-1.2049280813942618,-0.6962805431519564,0.0020527863372871475,-0.00030856776879120316,0.0011721508240981732,0.0009901177328585063,0.00156508298415505,0.0007380008307734244,0.4221393343690128,0.2965046667074561,0.012139304298834992,0.009798914698983925,0.00023692049954561118,4.4491156474614755
9.9945,200,0.5458904934917087,-1.2420052563634427,-0.696114762871734,0.0018142034939914917,-0.00032861357720346,0.0012915714640342536,0.0010772441756818345,0.0017136507064949014,0.0007470060825996707,0.4395234969375742,0.2907169034527244,0.012103661815906318,0.009936196787633042,0.0003521327522816773,4.499105710916099
10.105550000000001,200,0.6195353452967934,-1.3165194725540001,-0.6969841272572067,0.0030653500517593647,-0.0003149476826075674,0.0003652719194137465,0.0011893689306916035,0.0012834383784142377,0.0007383154781103276,0.4705857818380136,0.2672955200159942,0.012073215912309804,0.010030096346543642,0.0004816614727074003,4.5490957743707225
10.2166,200,0.6488061813593617,-1.345650549872187,-0.6968443685128252,0.002864216125786705,-0.0003629581541042325,5.947094280637156e-05,0.0009058334576247664,0.000977655188510484,0.0007123970676320501,0.4821505712764632,0.2586274094679119,0.012042961021812014,0.010044712648708603,0.0006018141211280037,4.599085837825345
10.32765,200,0.6166758366252254,-1.312695586547055,-0.6960197499218297,0.0016774655194406532,-0.00037043823222361616,0.0003103597475726664,0.0009867022265922292,0.0010986941980225388,0.0007258834172315294,0.4697782509099035,0.25910728967477303,0.011996184588681255,0.010066052997674418,0.0007038358488778332,4.649075901279969
10.4387,200,0.6339821289925683,-1.330349867423281,-0.6963677384307126,0.00217827350318956,-0.0003371395490363497,0.0004387210811332968,0.0009217527148058774,0.0010750661978721158,0.0007292354565390491,0.4765529313131074,0.26455463361595377,0.011954547367817692,0.010108654531436353,0.0008069355173941701,4.699065964734592
10.54975,200,0.67728292739377,-1.3735817367080265,-0.6962988093142565,0.002079074101620756,-0.0002227774848679772,0.0004971092182198062,0.0008310445784263324,0.000993671210177194,0.000742221388555207,0.4930779940456763,0.2658292343821447,0.011922686802335861,0.010163482462190843,0.000910808720775386,4.749056028189215
10.6608,200,0.6999361194698801,-1.3965392428830743,-0.6966031234131942,0.002517028017985919,-0.0003133527818024705,0.0004815489952862515,0.0009366876305668219,0.0010988462667641148,0.0007485924232397173,0.5011933055492966,0.24503785912066345,0.011894021109710435,0.01021900441787904,0.0010097641757909708,4.799046091643838
10.77185,200,0.7221985781205609,-1.419926454519856,-0.6977278763992951,0.004135717316069106,-0.00029863285510058307,0.0006062663460002322,0.0011185807081213691,0.0013068906859486384,0.0007737619327260133,0.5086168905591454,0.23312347727653035,0.011862437664542164,0.010274324206995762,0.0011151177256986259,4.849036155098462
10.882900000000001,200,0.6625376680462792,-1.358882380721353,-0.6963447126750738,0.002145135965709377,-0.00017053184414960205,0.0004995348986545036,0.0011621589023755854,0.0012764127620850769,0.0007667431808581356,0.48756071713474997,0.2580221020544172,0.011837903795001149,0.010336159290010217,0.0012462702161796912,4.899026218553085
10.99395,200,0.6301302503714203,-1.32661404132282,-0.6964837909513997,0.002345290595451639,-0.00021775420012883502,0.000450899245910209,0.0012626301496404318,0.0013582937518876995,0.0007644364982119451,0.47499139217846076,0.26158108265185587,0.011817634361072889,0.01038731487712494,0.0013839999114832028,4.949016282007708
11.105,200,0.6167198297734268,-1.3133752532421497,-0.6966554234687229,0.0025922956911724857,-8.901681976233735e-05,0.0005320134076117711,0.0012065036828363576,0.0013215950199576961,0.0007683956015628992,0.46956863870475324,0.2634018044623415,0.011801525038328512,0.010446005927148101,0.0015242731129344017,4.999006345462332
