step,kinetic_energy,p_norm,L_norm,dp_abs,dL_abs,dp_rel,dL_rel,active_total,force_evals,dt_min_effective,dt_max_effective,t,PE,E,dE_rel,Q_virial,r_hm
0,2.945243112740431,2.1901069056567693e-16,0.00196737314855832,0.0,0.0,0.0,0.0,,,,,,,,,,
1,1.5024857698022072,5.531847432855996e-06,0.001967375336151525,5.531847432972296e-06,8.76958096777013e-09,1.0000000000210238,4.457502748268014e-06,63413.0,64.0,0.000390625,0.0015625,,,,,,
2,0.8364590067964639,5.125697392659327e-06,0.0019673725679352464,5.125697392749038e-06,5.0938081192332264e-09,1.0000000000175022,2.589141832583179e-06,63124.0,64.0,0.000390625,0.0015625,,,,,,
3,1.383141499814513,6.621658392541254e-06,0.001967369396337575,6.62165839270378e-06,1.126585720571131e-08,1.0000000000245446,5.726344905117196e-06,62532.0,64.0,0.000390625,0.00078125,,,,,,
4,2.0197877582396573,8.492073538376617e-06,0.0019673787704738953,8.492073538584215e-06,3.508511036851303e-08,1.000000000024446,1.783342938079069e-05,62863.0,64.0,0.000390625,0.0015625,,,,,,
5,1.7129163355302515,4.809020287434058e-06,0.0019673842025281292,4.809020287626981e-06,3.68122040457964e-08,1.0000000000401168,1.8711243080274795e-05,62951.0,64.0,0.000390625,0.0015625,,,,,,
6,1.4890991691290485,5.233437980954198e-06,0.0019673876250027103,5.233437981170862e-06,4.0843736486889275e-08,1.0000000000414,2.0760391072823286e-05,62823.0,64.0,0.000390625,0.0015625,,,,,,
7,1.4514182007838115,4.6092165826207295e-06,0.0019673848346710337,4.609216582768897e-06,3.2588892316979456e-08,1.0000000000321458,1.6564574323573375e-05,62805.0,64.0,0.000390625,0.0015625,,,,,,
8,1.5495893034899055,6.967878070503887e-06,0.00196738822735282,6.96787807067085e-06,3.5086491605983936e-08,1.0000000000239617,1.7834045725278055e-05,62908.0,64.0,0.000390625,0.0015625,,,,,,
9,1.6694133406632878,8.810567349697206e-06,0.001967381745088796,8.810567349837114e-06,3.5340810073984176e-08,1.0000000000158795,1.796337195981713e-05,62916.0,64.0,0.000390625,0.0015625,,,,,,
10,1.6428510160664942,8.447153944454188e-06,0.0019673800861787997,8.447153944598541e-06,3.4649155335629766e-08,1.000000000017089,1.7611825787526435e-05,63008.0,64.0,0.000390625,0.0015625,0.25,-6.5133038074476275,-4.870452791381133,0.0,0.2522300609082565,0.03781375383322789
11,1.592382348596782,7.84535644823044e-06,0.001967378023739393,7.845356448415406e-06,2.9292182683320203e-08,1.0000000000235765,1.4888944742629883e-05,62823.0,64.0,0.000390625,0.0015625,,,,,,
12,1.5761620834080137,7.841568183208961e-06,0.0019673692433351975,7.841568183353551e-06,2.7965007196007945e-08,1.000000000018439,1.4214388976743202e-05,62789.0,64.0,0.000390625,0.0015625,,,,,,
13,1.5688103909385152,6.365345919319042e-06,0.001967368994636687,6.365345919450675e-06,2.4844101826919346e-08,1.0000000000206797,1.2628057796318389e-05,62828.0,64.0,0.000390625,0.0015625,,,,,,
14,1.5945953007317435,6.2640020112099315e-06,0.001967365566412914,6.264002011330935e-06,2.5058928519672957e-08,1.0000000000193172,1.273725248209065e-05,62687.0,64.0,0.000390625,0.0015625,,,,,,
15,1.595781599088088,9.225833223766583e-06,0.001967363839454565,9.225833223946527e-06,3.19274250515545e-08,1.0000000000195044,1.6228454208064566e-05,62815.0,64.0,0.000390625,0.0015625,,,,,,
16,1.5892019646274074,8.607279108933515e-06,0.001967363189425808,8.607279109132542e-06,3.025752044153292e-08,1.000000000023123,1.5379655081551493e-05,62755.0,64.0,0.000390625,0.0015625,,,,,,
17,1.5597364035373753,5.474931590326092e-06,0.0019673609547661676,5.47493159051143e-06,3.4994840939803945e-08,1.0000000000338523,1.778759711417632e-05,62759.0,64.0,0.000390625,0.0015625,,,,,,
18,1.6000889761278185,4.831828316390433e-06,0.001967359896130603,4.831828316555069e-06,3.904703283559624e-08,1.0000000000340732,1.9847293770482578e-05,62745.0,64.0,0.000390625,0.0015625,,,,,,
19,1.6242101694675217,1.5667967749567622e-06,0.0019673562243347513,1.5667967751301337e-06,3.6513306827298796e-08,1.0000000001106535,1.8559421152034907e-05,62688.0,64.0,0.000390625,0.003125,,,,,,
20,1.5789773469550255,3.657818386227853e-06,0.0019673552270820546,3.6578183864391675e-06,3.641209524662192e-08,1.0000000000577707,1.8507976116937703e-05,62754.0,64.0,0.000390625,0.0015625,0.5,-6.449993139096072,-4.871015792141046,0.00011559515799207986,0.24480294984876677,0.03863213375571311
21,1.5402085845932847,5.8194933612961455e-06,0.0019673486201691993,5.819493361467991e-06,4.038473650945949e-08,1.0000000000295293,2.052723782422933e-05,62779.0,64.0,0.000390625,0.0015625,,,,,,
22,1.5889139642090164,8.456864517812739e-06,0.0019673496558166807,8.456864518009824e-06,3.907780205087059e-08,1.000000000023305,1.986293351594566e-05,62691.0,64.0,0.000390625,0.0015625,,,,,,
23,1.6510160001468004,1.0305308400431791e-05,0.001967344933543676,1.030530840061278e-05,4.157197340815911e-08,1.0000000000175626,2.1130700822374657e-05,62744.0,64.0,0.000390625,0.0015625,,,,,,
24,1.5658575286173393,8.011371401531e-06,0.0019673446037066417,8.01137140168969e-06,4.3750503546666564e-08,1.0000000000198082,2.223803022762951e-05,62724.0,64.0,0.000390625,0.0015625,,,,,,
25,1.5437706856278919,9.116611441454924e-06,0.001967342722311222,9.116611441525756e-06,4.218262955387741e-08,1.0000000000077696,2.1441092445929035e-05,62631.0,64.0,0.000390625,0.0015625,,,,,,
26,1.6252250633283543,1.1501044641568361e-05,0.0019673351284273826,1.1501044641517437e-05,4.811894279562737e-08,0.9999999999955722,2.4458472878359993e-05,62777.0,64.0,0.000390625,0.0015625,,,,,,
27,1.5916365035385007,1.4881652258343759e-05,0.001967330382394453,1.4881652258285678e-05,5.292265790168127e-08,0.9999999999960971,2.690016275786965e-05,62632.0,64.0,0.000390625,0.0015625,,,,,,
28,1.5727264109696604,1.3838659190090124e-05,0.0019673292434079937,1.3838659190024415e-05,5.1481153532552195e-08,0.9999999999952518,2.616745764283573e-05,62671.0,64.0,0.000390625,0.0015625,,,,,,
29,1.5788667102910288,1.0195690675504651e-05,0.001967328006768607,1.0195690675532115e-05,5.143518779114332e-08,1.0000000000026936,2.6144093624961153e-05,62746.0,64.0,0.000390625,0.0015625,,,,,,
30,1.6025082222273228,9.625656403035323e-06,0.0019673286285379703,9.625656402984174e-06,5.158836583683464e-08,0.9999999999946861,2.6221952797636946e-05,62742.0,64.0,0.000390625,0.0015625,0.75,-6.474135793529791,-4.871627571302468,0.00024120548369000318,0.2475246539976593,0.038972867620026726
31,1.6210984579570191,5.249935106695452e-06,0.0019673239618662806,5.249935106550535e-06,5.5174211456150356e-08,0.9999999999723965,2.8044609380066875e-05,62839.0,64.0,0.000390625,0.0015625,,,,,,
32,1.5980624119571347,1.571272852487461e-05,0.00196732684752242,1.5712728524755918e-05,5.675080176062149e-08,0.999999999992446,2.8845977593121142e-05,62729.0,64.0,0.000390625,0.003125,,,,,,
33,1.551494565594638,1.7512588112459754e-05,0.001967322489409482,1.7512588112357216e-05,5.941744177565338e-08,0.9999999999941449,3.020140933568914e-05,62694.0,64.0,0.000390625,0.0015625,,,,,,
34,1.58554711255926,1.9780094851945048e-05,0.0019673192997744166,1.978009485185588e-05,6.257388415948064e-08,0.9999999999954919,3.1805803695823764e-05,62780.0,64.0,0.000390625,0.0015625,,,,,,
35,1.581225353063027,1.6587045676009784e-05,0.0019673224511594653,1.658704567594903e-05,6.088618908662764e-08,0.9999999999963374,3.0947961819670404e-05,62566.0,64.0,0.000390625,0.0015625,,,,,,
36,1.5645495831050922,1.8788378713524076e-05,0.0019673238606847635,1.878837871343296e-05,5.878056122053261e-08,0.9999999999951503,2.9877688055063007e-05,62818.0,64.0,0.000390625,0.0015625,,,,,,
37,1.6208889366596044,1.9010654353531496e-05,0.001967321244462376,1.901065435345356e-05,6.096617316769092e-08,0.9999999999959004,3.09886170868839e-05,62792.0,64.0,0.000390625,0.0015625,,,,,,
38,1.5805417853309205,2.0293558588391098e-05,0.0019673176278458436,2.0293558588321116e-05,6.447387174095071e-08,0.9999999999965515,3.2771552152268015e-05,62728.0,64.0,0.000390625,0.003125,,,,,,
39,1.5604465852806064,2.0517584358093178e-05,0.0019673168511190483,2.0517584358016444e-05,6.259847652087973e-08,0.9999999999962601,3.181830379597869e-05,62843.0,64.0,0.000390625,0.0015625,,,,,,
40,1.6191621536295389,2.4554509039761673e-05,0.00196731209471413,2.4554509039654144e-05,6.61530180059163e-08,0.9999999999956208,3.362504873790356e-05,62808.0,64.0,0.000390625,0.0015625,1.0,-6.491396373810913,-4.872234220181374,0.0003657624612219547,0.24943202669951506,0.038277841971233656
41,1.630101921462884,2.3976530522898228e-05,0.001967308130500071,2.3976530522778163e-05,7.06889232487829e-08,0.9999999999949923,3.593061301084817e-05,62901.0,64.0,0.000390625,0.0015625,,,,,,
42,1.5856911100367717,2.364736209677641e-05,0.0019673050965066906,2.3647362096639242e-05,7.258144270951603e-08,0.9999999999941994,3.6892565481389895e-05,62837.0,64.0,0.000390625,0.0015625,,,,,,
43,1.5614672130904725,2.4263861929501955e-05,0.0019672999564812224,2.4263861929359972e-05,7.690954616353375e-08,0.9999999999941483,3.9092505770902e-05,62717.0,64.0,0.000390625,0.0015625,,,,,,
44,1.5911546316182879,2.4942359513118334e-05,0.0019672905029385025,2.4942359513014366e-05,8.586449300265691e-08,0.9999999999958317,4.3644233462054685e-05,62819.0,64.0,0.000390625,0.0015625,,,,,,
45,1.6087675048256502,2.3541970992917246e-05,0.0019672924056774914,2.354197099280061e-05,8.362960382178011e-08,0.9999999999950456,4.250825720736476e-05,62623.0,64.0,0.000390625,0.0015625,,,,,,
46,1.5405348765473068,2.8352805640870706e-05,0.0019672870090651795,2.8352805640753104e-05,8.976140103605527e-08,0.9999999999958522,4.562500057593646e-05,62731.0,64.0,0.000390625,0.0015625,,,,,,
47,1.5842339513283297,2.5552492970023034e-05,0.001967280254814333,2.5552492969885496e-05,9.743108685020762e-08,0.9999999999946174,4.952344039136885e-05,62770.0,64.0,0.000390625,0.0015625,,,,,,
48,1.612145652555017,2.6867642975622288e-05,0.001967275340835741,2.6867642975448893e-05,1.0149811287402746e-07,0.9999999999935464,5.1590677116034e-05,62550.0,64.0,0.000390625,0.0015625,,,,,,
49,1.6162844817889768,2.6216496511586722e-05,0.0019672747696911986,2.6216496511404552e-05,1.012673810789907e-07,0.9999999999930513,5.147339799427418e-05,62880.0,64.0,0.000390625,0.0015625,,,,,,
50,1.5728235816322467,2.428214984284673e-05,0.0019672754237004845,2.4282149842663355e-05,9.983322314990614e-08,0.9999999999924482,5.074442701582227e-05,62623.0,64.0,0.000390625,0.0015625,1.25,-6.445635594740672,-4.872812013108425,0.0004843947428187363,0.2440137296802188,0.03888494322275309
51,1.5650233999827445,2.3784550368818348e-05,0.0019672770812267015,2.3784550368673834e-05,9.818047208808504e-08,0.9999999999939241,4.990434690034839e-05,62654.0,64.0,0.000390625,0.0015625,,,,,,
52,1.591751516220449,2.5385028384645825e-05,0.001967277046886983,2.5385028384541735e-05,9.687126230982642e-08,0.9999999999958995,4.923888606531666e-05,62750.0,64.0,0.000390625,0.0015625,,,,,,
53,1.6010939153238288,2.666112645490537e-05,0.0019672795501634536,2.6661126454759164e-05,9.549365894089842e-08,0.9999999999945162,4.85386613164237e-05,62610.0,64.0,0.000390625,0.003125,,,,,,
54,1.5589031045856834,3.311017431915398e-05,0.001967285437168319,3.311017431898796e-05,8.905656051343721e-08,0.9999999999949859,4.5266735788631334e-05,62880.0,64.0,0.000390625,0.0015625,,,,,,
55,1.604837355388445,3.331329371224534e-05,0.00196728237731613,3.331329371207639e-05,9.18583571963389e-08,0.9999999999949286,4.6690866581996505e-05,62758.0,64.0,0.000390625,0.003125,,,,,,
56,1.6758789520890665,3.242966443603088e-05,0.0019672821249516518,3.2429664435854925e-05,9.214933946935594e-08,0.9999999999945743,4.68387705387168e-05,62751.0,64.0,0.000390625,0.0015625,,,,,,
57,1.5835778174955293,2.782857025087966e-05,0.001967280167218571,2.782857025069052e-05,9.405754235323946e-08,0.9999999999932033,4.7808694767519985e-05,62770.0,64.0,0.000390625,0.0015625,,,,,,
58,1.525337194736086,2.726671997605851e-05,0.001967278527417018,2.7266719975884083e-05,9.592551322366899e-08,0.9999999999936029,4.875816938640373e-05,62651.0,64.0,0.000390625,0.0015625,,,,,,
59,1.5261410518958818,2.1761609928971624e-05,0.00196728299291566,2.1761609928782536e-05,9.16196060966701e-08,0.999999999991311,4.656951131197884e-05,62802.0,64.0,0.000390625,0.0015625,,,,,,
60,1.5841312697613685,2.6611773192285164e-05,0.001967274835042055,2.661177319209491e-05,9.94196696226851e-08,0.9999999999928507,5.053422107318039e-05,62634.0,64.0,0.000390625,0.0015625,1.5,-6.457600142612451,-4.873468872851083,0.0006192610008020017,0.24531269121294666,0.0387689654466383
61,1.6503029994715905,2.5610012999776057e-05,0.001967276804840017,2.5610012999573447e-05,9.77159999373936e-08,0.9999999999920887,4.966825942958474e-05,62771.0,64.0,0.000390625,0.0015625,,,,,,
62,1.6623777745161665,2.631305640367269e-05,0.00196727813008672,2.6313056403483108e-05,9.57802366017412e-08,0.9999999999927951,4.8684326444085315e-05,62981.0,64.0,0.000390625,0.0015625,,,,,,
63,1.5712250513053387,2.0496032372072435e-05,0.0019672789521200927,2.0496032371879647e-05,9.556058971760643e-08,0.9999999999905939,4.857268169367499e-05,62744.0,64.0,0.000390625,0.0015625,,,,,,
64,1.5048097937784342,1.8625139385275893e-05,0.001967281210530668,1.8625139385081153e-05,9.309794350050995e-08,0.9999999999895443,4.7320938363284876e-05,62811.0,64.0,0.000390625,0.0015625,,,,,,
65,1.5499062664901553,1.8620878709671152e-05,0.0019672807233393854,1.86208787094686e-05,9.359653590464969e-08,0.9999999999891223,4.757436888535187e-05,62897.0,64.0,0.000390625,0.0015625,,,,,,
66,1.6485586198907625,2.1276810942474485e-05,0.0019672801780923647,2.127681094226685e-05,9.357640284273504e-08,0.9999999999902413,4.7564135411377e-05,62839.0,64.0,0.000390625,0.003125,,,,,,
67,1.6642901232370335,1.783430956708102e-05,0.001967282538113419,1.7834309566864177e-05,9.086978833439474e-08,0.9999999999878412,4.618838495431516e-05,62853.0,64.0,0.000390625,0.0015625,,,,,,
68,1.5769333416346742,1.925351401012008e-05,0.001967277604972613,1.9253514009925887e-05,9.58937089963091e-08,0.9999999999899138,4.8742003552594723e-05,62845.0,64.0,0.000390625,0.0015625,,,,,,
69,1.5095433958269253,1.8538286477692965e-05,0.0019672760283219134,1.853828647748742e-05,9.880807742327991e-08,0.9999999999889124,5.0223353661040825e-05,62870.0,64.0,0.000390625,0.0015625,,,,,,
70,1.5800303499165167,1.728739819957362e-05,0.0019672799327219714,1.7287398199361958e-05,9.434906701402189e-08,0.9999999999877562,4.7956874415593385e-05,62788.0,64.0,0.000390625,0.0015625,1.75,-6.454107278098235,-4.874076928181718,0.000744106750608043,0.24481005378982296,0.03796165421721872
71,1.629734562760785,1.5437489213063686e-05,0.001967275372198805,1.5437489212862143e-05,9.847572238551255e-08,0.9999999999869446,5.005442025966198e-05,62843.0,64.0,0.000390625,0.0015625,,,,,,
72,1.6038991626579473,1.4627910878618696e-05,0.0019672783760872085,1.4627910878408388e-05,9.603720166144536e-08,0.9999999999856228,4.8814939723977064e-05,62822.0,64.0,0.000390625,0.0015625,,,,,,
73,1.5622856387120763,8.854215328242343e-06,0.0019672806695740647,8.854215328045755e-06,9.313764646890719e-08,0.9999999999777972,4.734111906384305e-05,62887.0,64.0,0.000390625,0.0015625,,,,,,
74,1.5691629205655122,7.170356940108496e-06,0.0019672761647022982,7.170356939941716e-06,9.771772568441089e-08,0.9999999999767404,4.9669136612959214e-05,62838.0,64.0,0.000390625,0.003125,,,,,,
75,1.6108594726014052,6.172686972806503e-06,0.001967276660933877,6.172686972657369e-06,9.758499392229548e-08,0.9999999999758397,4.960167012231778e-05,62878.0,64.0,0.000390625,0.0015625,,,,,,
76,1.5998949650153167,5.226389529023675e-06,0.001967279325106816,5.226389528880309e-06,9.435258021815532e-08,0.9999999999725689,4.7958660149090866e-05,62998.0,64.0,0.000390625,0.0015625,,,,,,
77,1.5910356210152343,6.559145166976604e-06,0.0019672815548942707,6.5591451668845524e-06,9.207373573042725e-08,0.999999999985966,4.680034176429539e-05,62904.0,64.0,0.000390625,0.0015625,,,,,,
78,1.59902748703008,6.7402497220746245e-06,0.001967276958041624,6.740249722151476e-06,9.672416092130956e-08,1.0000000000114018,4.916411560876923e-05,62812.0,64.0,0.000390625,0.0015625,,,,,,
79,1.5917514243249233,1.0643935041248831e-05,0.001967277739249199,1.0643935041389144e-05,9.686151239241397e-08,1.0000000000131823,4.9233930260455955e-05,62883.0,64.0,0.000390625,0.0015625,,,,,,
80,1.566375952095687,1.1096403105577779e-05,0.001967281163359853,1.109640310569673e-05,9.427076393360114e-08,1.0000000000107196,4.7917073587530785e-05,62818.0,64.0,0.000390625,0.0015625,2.0,-6.440961034886774,-4.8745850827910875,0.0008484409123658464,0.24318978854422188,0.038079604714218986
81,1.5580572706802185,1.0518878981004235e-05,0.0019672777620633967,1.051887898112916e-05,9.755582379399559e-08,1.0000000000118763,4.958684317994477e-05,62700.0,64.0,0.000390625,0.0015625,,,,,,
82,1.5634669116636166,1.3166504378298678e-05,0.001967279340296301,1.3166504378331773e-05,9.650995915597117e-08,1.0000000000025135,4.905523856859241e-05,62719.0,64.0,0.000390625,0.0015625,,,,,,
83,1.5862085159785795,1.3814942968701682e-05,0.0019672798459720252,1.3814942968714672e-05,9.655314350388232e-08,1.0000000000009404,4.9077188826449076e-05,62805.0,64.0,0.000390625,0.0015625,,,,,,
84,1.6211156091088594,1.3359184677585697e-05,0.001967278500090376,1.3359184677585662e-05,9.958462756244013e-08,0.9999999999999973,5.0618067871575455e-05,62817.0,64.0,0.000390625,0.0015625,,,,,,
85,1.6586994813948686,1.1559825842756416e-05,0.00196728267986331,1.1559825842879371e-05,9.500855592531017e-08,1.0000000000106364,4.8292087342419976e-05,62842.0,64.0,0.000390625,0.0015625,,,,,,
86,1.6034333652539094,1.2128403741178627e-05,0.001967286155022288,1.212840374130462e-05,9.18672772441852e-08,1.0000000000103881,4.669540057080937e-05,62889.0,64.0,0.000390625,0.0015625,,,,,,
87,1.4841912945140847,8.930579338438345e-06,0.001967285355108444,8.930579338585762e-06,9.249057682849042e-08,1.000000000016507,4.7012218752841575e-05,62769.0,64.0,0.000390625,0.0015625,,,,,,
88,1.5750858365867229,1.4483257282509235e-05,0.00196728479633883,1.4483257282671193e-05,9.313855077917868e-08,1.0000000000111824,4.7341578717504656e-05,62763.0,64.0,0.000390625,0.0015625,,,,,,
89,1.7119726765006222,1.4674004939818769e-05,0.0019672901145134317,1.4674004939964096e-05,8.893512111437933e-08,1.0000000000099036,4.520500911560702e-05,62845.0,64.0,0.000390625,0.0015625,,,,,,
90,1.5855259458863504,2.092761089132251e-05,0.00196728927443849,2.0927610891491982e-05,9.114002423882062e-08,1.000000000008098,4.632574369819346e-05,62592.0,64.0,0.000390625,0.0015625,2.25,-6.460713809779557,-4.875187863893207,0.0009722037590535995,0.24541033584963104,0.03919482087585241
91,1.4808042352301738,1.5375622372295496e-05,0.0019672923369322953,1.5375622372456493e-05,8.930024778810139e-08,1.000000000010471,4.5390600076828394e-05,62721.0,64.0,0.000390625,0.003125,,,,,,
92,1.5402782156267785,1.708067692363135e-05,0.0019672898769278117,1.7080676923800822e-05,9.248194617130918e-08,1.0000000000099218,4.700783185898386e-05,62708.0,64.0,0.000390625,0.0015625,,,,,,
93,1.6677180242710519,1.6814633987011017e-05,0.0019672916181326275,1.6814633987208877e-05,8.993332340262087e-08,1.000000000011767,4.571238733664913e-05,62678.0,64.0,0.000390625,0.0015625,,,,,,
94,1.6253511618000964,1.914549067562676e-05,0.001967291928084707,1.9145490675829084e-05,8.954221058382806e-08,1.0000000000105675,4.551358782620577e-05,62724.0,64.0,0.000390625,0.0015625,,,,,,
95,1.516152895252237,1.6946562690138763e-05,0.0019672881866393617,1.694656269035012e-05,9.222079017109865e-08,1.000000000012472,4.6875088357629326e-05,62862.0,64.0,0.000390625,0.0015625,,,,,,
96,1.5473304966776802,1.7822093217226825e-05,0.001967292949323916,1.7822093217404136e-05,9.329095385580238e-08,1.000000000009949,4.74190439796159e-05,62762.0,64.0,0.000390625,0.0015625,,,,,,
97,1.663808191876218,1.9369787810819392e-05,0.001967302044571813,1.936978781098263e-05,8.643500413597278e-08,1.0000000000084275,4.393421969762669e-05,62780.0,64.0,0.000390625,0.0015625,,,,,,
98,1.677685672225252,2.1522848814850623e-05,0.00196730451209838,2.1522848815026626e-05,8.234307537059836e-08,1.0000000000081775,4.185432510906175e-05,62981.0,64.0,0.000390625,0.003125,,,,,,
99,1.5728871648767504,1.7951056981743124e-05,0.0019673042112205385,1.7951056981926164e-05,8.314179313529152e-08,1.0000000000101967,4.226030694594839e-05,62830.0,64.0,0.000390625,0.0015625,,,,,,
100,1.5228170747980185,1.855651388460559e-05,0.001967307572966293,1.8556513884802712e-05,8.257782961446589e-08,1.0000000000106228,4.197364880931636e-05,62766.0,64.0,0.000390625,0.0015625,2.5,-6.398612104910057,-4.875795030112038,0.0010968669566736695,0.23799177850294526,0.03840724329349124
101,1.5603079641251847,2.060296007288525e-05,0.001967310374322814,2.0602960073082633e-05,7.787047104816364e-08,1.0000000000095803,3.958093618652196e-05,62799.0,64.0,0.000390625,0.0015625,,,,,,
102,1.5932027329322673,2.4834792842419853e-05,0.001967311716778559,2.4834792842609554e-05,7.545959204289946e-08,1.0000000000076386,3.835550571491526e-05,62697.0,64.0,0.000390625,0.0015625,,,,,,
103,1.6011835395069065,2.4199722907741125e-05,0.001967314140618923,2.4199722907931853e-05,7.814761703749666e-08,1.0000000000078815,3.972180727116399e-05,62829.0,64.0,0.000390625,0.0015625,,,,,,
104,1.611060221868531,2.1040346096808044e-05,0.0019673141162829667,2.1040346096982594e-05,8.020214538847725e-08,1.000000000008296,4.0766107561877085e-05,62741.0,64.0,0.000390625,0.0015625,,,,,,
105,1.5995032138543674,2.290862407236128e-05,0.0019673165713979014,2.2908624072525013e-05,7.932874324193592e-08,1.0000000000071472,4.032216425240305e-05,62662.0,64.0,0.000390625,0.0015625,,,,,,
106,1.5291396229070024,2.6232096597266426e-05,0.0019673217552127176,2.6232096597381944e-05,8.636335507884465e-08,1.0000000000044038,4.389780105626187e-05,62829.0,64.0,0.000390625,0.003125,,,,,,
107,1.550246681372779,2.9954795742441142e-05,0.0019673244581838154,2.9954795742558446e-05,9.239204938872081e-08,1.000000000003916,4.696213804505017e-05,62743.0,64.0,0.000390625,0.0015625,,,,,,
108,1.6062530690243988,2.9285766025455522e-05,0.001967325206538462,2.9285766025548642e-05,9.215823196088637e-08,1.0000000000031797,4.684329052087521e-05,62713.0,64.0,0.000390625,0.0015625,,,,,,
109,1.6414811538365883,2.752471930209221e-05,0.001967326978379128,2.7524719302198377e-05,9.11947292561025e-08,1.0000000000038571,4.6353549819936035e-05,62808.0,64.0,0.000390625,0.0015625,,,,,,
110,1.6168225458743752,2.9157250253176758e-05,0.0019673288368556455,2.915725025326877e-05,9.104932064013057e-08,1.0000000000031557,4.627963978610311e-05,62861.0,64.0,0.000390625,0.0015625,2.75,-6.49313466255389,-4.876312116679515,0.0012030350255628935,0.24900493057669681,0.03821792975205532
111,1.5362449838863013,3.240453435499297e-05,0.001967334384920157,3.240453435507194e-05,8.672663095219974e-08,1.000000000002437,4.408245127049362e-05,62826.0,64.0,0.000390625,0.0015625,,,,,,
112,1.6182020259421428,3.857426684415246e-05,0.0019673209495183687,3.857426684425756e-05,8.449326763025255e-08,1.0000000000027247,4.29472505976656e-05,62854.0,64.0,0.000390625,0.003125,,,,,,
113,1.645732387125857,4.024664057494458e-05,0.0019673213751960107,4.0246640575027464e-05,8.802488259562613e-08,1.0000000000020595,4.4742342173435825e-05,62761.0,64.0,0.000390625,0.003125,,,,,,
114,1.5076817057521865,4.2070045840424097e-05,0.001967320640900483,4.207004584050291e-05,8.781423483229335e-08,1.0000000000018734,4.463527160398786e-05,62622.0,64.0,0.000390625,0.0015625,,,,,,
115,1.52284843194788,4.2787376617381286e-05,0.0019673244999842375,4.278737661745518e-05,8.4399649979332e-08,1.000000000001727,4.289966549618693e-05,62642.0,64.0,0.000390625,0.0015625,,,,,,
116,1.674240111682256,4.04034037153588e-05,0.0019673292886010487,4.040340371541677e-05,7.828375110381844e-08,1.0000000000014349,3.979100312575901e-05,62763.0,64.0,0.000390625,0.0015625,,,,,,
117,1.616666484436152,3.631747267618943e-05,0.0019673219365784235,3.631747267626867e-05,8.104029356633255e-08,1.0000000000021818,4.119213156168083e-05,62659.0,64.0,0.000390625,0.0015625,,,,,,
118,1.4833141157221594,3.921631673049698e-05,0.0019673177537327335,3.921631673057596e-05,8.447376263369676e-08,1.0000000000020142,4.293733636427775e-05,62622.0,64.0,0.000390625,0.0015625,,,,,,
119,1.5863638837758838,4.203324800315175e-05,0.0019673204037643933,4.2033248003237896e-05,8.465277431503919e-08,1.0000000000020495,4.302832656686012e-05,62752.0,64.0,0.000390625,0.0015625,,,,,,
120,1.6618123510237077,4.487802618932743e-05,0.0019673237103885605,4.487802618942243e-05,8.095871520705739e-08,1.0000000000021168,4.1150665935632746e-05,62814.0,64.0,0.000390625,0.0015625,3.0,-6.538726335865583,-4.876913984841876,0.0013266104277155182,0.25414924339446615,0.03656248544048588
121,1.5556785823151154,4.3294233022733687e-05,0.0019673200864403304,4.329423302280872e-05,8.895874280168141e-08,1.000000000001733,4.521701582989983e-05,62721.0,64.0,0.000390625,0.0015625,,,,,,
122,1.5480541530636094,3.7973500150942753e-05,0.0019673217904167483,3.797350015101351e-05,9.158695809023195e-08,1.0000000000018634,4.65529165920285e-05,62781.0,64.0,0.000390625,0.0015625,,,,,,
123,1.6694914206608182,3.965098260312436e-05,0.001967321452884747,3.965098260320533e-05,9.376282571190674e-08,1.0000000000020421,4.765889266132132e-05,62872.0,64.0,0.000390625,0.0015625,,,,,,
124,1.6250541875179638,4.242717611824698e-05,0.001967321465585548,4.242717611832574e-05,9.20235043718817e-08,1.0000000000018563,4.6774809567425484e-05,62771.0,64.0,0.000390625,0.0015625,,,,,,
125,1.514546394375611,4.411614975479871e-05,0.0019673261316529612,4.411614975487039e-05,8.788309876126688e-08,1.0000000000016247,4.4670274587038624e-05,62807.0,64.0,0.000390625,0.0015625,,,,,,
126,1.5385990278474981,4.7026028828498243e-05,0.0019673263345351666,4.702602882857431e-05,9.026403144080049e-08,1.0000000000016174,4.588048358134067e-05,62769.0,64.0,0.000390625,0.0015625,,,,,,
127,1.6421820714091115,5.04016072595194e-05,0.0019673317114297273,5.040160725957309e-05,9.427067169007443e-08,1.0000000000010654,4.7917026700885625e-05,62718.0,64.0,0.000390625,0.003125,,,,,,
128,1.630291888078897,4.794813175252087e-05,0.0019673303278078115,4.794813175257407e-05,8.804301616786461e-08,1.0000000000011096,4.475155932283718e-05,62915.0,64.0,0.000390625,0.0015625,,,,,,
129,1.568224439221497,4.313946763821067e-05,0.0019673287703020743,4.313946763827698e-05,9.15330046852807e-08,1.0000000000015372,4.652549250880829e-05,62751.0,64.0,0.000390625,0.0015625,,,,,,
130,1.5425486428586346,4.69101336329037e-05,0.001967330559234263,4.6910133632994213e-05,8.592950422140295e-08,1.0000000000019293,4.367727814338201e-05,62685.0,64.0,0.000390625,0.003125,3.25,-6.4200463909995324,-4.877497748140898,0.0014464685444095205,0.2402706380784386,0.03864703138656973
131,1.6017030000465804,5.081541268616764e-05,0.001967324756593372,5.081541268626091e-05,8.582428643697125e-08,1.0000000000018354,4.3623796787031894e-05,62857.0,64.0,0.000390625,0.0015625,,,,,,
132,1.6041069552746567,5.2668349222816665e-05,0.0019673245685540713,5.266834922290289e-05,8.819048889207675e-08,1.0000000000016371,4.482651852634171e-05,62696.0,64.0,0.000390625,0.0015625,,,,,,
133,1.5317933944704807,5.4025896263722315e-05,0.0019673261518275116,5.402589626380277e-05,8.839464080284687e-08,1.0000000000014893,4.493028730600597e-05,62658.0,64.0,0.000390625,0.0015625,,,,,,
134,1.5481057439966068,5.112052032849267e-05,0.0019673273611735863,5.112052032856964e-05,8.014605467436154e-08,1.0000000000015055,4.073759710154229e-05,62772.0,64.0,0.000390625,0.0015625,,,,,,
135,1.6618020618720348,5.1334882246559005e-05,0.001967323700447191,5.133488224663691e-05,8.65450258157992e-08,1.0000000000015177,4.3990142835495605e-05,62758.0,64.0,0.000390625,0.003125,,,,,,
136,1.609721676120335,5.4074311738179566e-05,0.0019673283022684095,5.4074311738252783e-05,8.222389709158106e-08,1.000000000001354,4.1793747745227835e-05,62965.0,64.0,0.000390625,0.0015625,,,,,,
137,1.5950381167744403,5.3852587262873644e-05,0.001967330813120257,5.3852587262946936e-05,7.789818940078798e-08,1.000000000001361,3.9595025202957224e-05,62845.0,64.0,0.000390625,0.0015625,,,,,,
138,1.6163548763477082,4.692324990473673e-05,0.001967331403892887,4.6923249904812736e-05,7.303651142008454e-08,1.0000000000016198,3.712387325892157e-05,62643.0,64.0,0.000390625,0.0015625,,,,,,
139,1.5375471485143386,4.5927599852741964e-05,0.0019673346938164494,4.5927599852817255e-05,6.949528854631248e-08,1.0000000000016394,3.5323898060334025e-05,62919.0,64.0,0.000390625,0.0015625,,,,,,
140,1.550950767296168,5.344829360531092e-05,0.0019673282382994908,5.3448293605383286e-05,6.948479488652125e-08,1.0000000000013538,3.531856421718438e-05,62642.0,64.0,0.000390625,0.003125,3.5,-6.429025406721958,-4.8780746394257894,0.0015649157010912732,0.2412419720218479,0.03789966411523337
141,1.5952624529112607,5.6345563939072635e-05,0.0019673296535472925,5.634556393914693e-05,6.755536140672118e-08,1.0000000000013185,3.433784864667152e-05,62628.0,64.0,0.000390625,0.0015625,,,,,,
142,1.6163375556325035,5.6431517092639536e-05,0.001967327549483115,5.643151709269589e-05,7.953008471956804e-08,1.0000000000009985,4.042450451143305e-05,62673.0,64.0,0.000390625,0.0015625,,,,,,
143,1.555712275265403,5.851957811706396e-05,0.0019673229557925415,5.8519578117113744e-05,8.564457443999277e-08,1.0000000000008507,4.353245061962579e-05,62638.0,64.0,0.000390625,0.003125,,,,,,
144,1.5908884829546652,5.8265747429713863e-05,0.0019673180203611763,5.826574742975507e-05,8.970959081668788e-08,1.0000000000007072,4.5598665856767726e-05,62915.0,64.0,0.000390625,0.0015625,,,,,,
145,1.613435211592572,5.9128428319395624e-05,0.001967321007826285,5.912842831942689e-05,9.019878480452409e-08,1.0000000000005287,4.5847319239169886e-05,62673.0,64.0,0.000390625,0.0015625,,,,,,
146,1.6009765309657231,6.215194973305913e-05,0.001967328689016624,6.215194973308383e-05,8.219335585135005e-08,1.0000000000003972,4.177822387765173e-05,62836.0,64.0,0.000390625,0.0015625,,,,,,
147,1.541145441986433,6.412549920878529e-05,0.0019673302591417664,6.412549920880891e-05,7.486285877731355e-08,1.0000000000003684,3.805219097971965e-05,62814.0,64.0,0.000390625,0.0015625,,,,,,
148,1.54920669426888,6.037206731942725e-05,0.00196732880232766,6.037206731945195e-05,8.138608476560329e-08,1.0000000000004092,4.136789445624109e-05,62644.0,64.0,0.000390625,0.0015625,,,,,,
149,1.6477569791007203,5.573842944867002e-05,0.0019673277173975047,5.57384294487039e-05,7.547773088383494e-08,1.000000000000608,3.836472554235306e-05,62729.0,64.0,0.000390625,0.0015625,,,,,,
150,1.618857185137119,5.264618076609406e-05,0.0019673272373967633,5.2646180766103824e-05,7.69363047015033e-08,1.0000000000001854,3.910610692124257e-05,62841.0,64.0,0.000390625,0.003125,3.75,-6.497504659500263,-4.878647474363143,0.0016825300096351605,0.24915060011078605,0.038676336466694126
151,1.5829016407301963,5.211082459923059e-05,0.001967320992222127,5.211082459925441e-05,8.262102447008862e-08,1.0000000000004572,4.199560440815859e-05,62919.0,64.0,0.000390625,0.003125,,,,,,
152,1.5533273579036444,5.8615889682117705e-05,0.001967322715770217,5.8615889682135296e-05,7.914140405933737e-08,1.0000000000003002,4.022694124768947e-05,62709.0,64.0,0.000390625,0.0015625,,,,,,
153,1.562615902156057,5.742212948419136e-05,0.001967315477125905,5.742212948418587e-05,8.751758470183534e-08,0.9999999999999044,4.448448672076659e-05,62915.0,64.0,0.000390625,0.0015625,,,,,,
154,1.6217750962695954,5.7283643981069724e-05,0.0019673149930951326,5.728364398106936e-05,8.529678396319176e-08,0.9999999999999936,4.3355671508324065e-05,62865.0,64.0,0.000390625,0.0015625,,,,,,
155,1.6124531038301742,5.4922541312298195e-05,0.0019673159231119626,5.4922541312300757e-05,8.333394702603721e-08,1.0000000000000466,4.235797722821615e-05,62761.0,64.0,0.000390625,0.003125,,,,,,
156,1.5906657805367201,5.932337633158733e-05,0.001967317608284244,5.932337633158404e-05,8.38502084662397e-08,0.9999999999999446,4.262038877967033e-05,62890.0,64.0,0.000390625,0.0015625,,,,,,
157,1.551593795641353,5.258706387039491e-05,0.001967313435922988,5.2587063870393176e-05,8.297013679605042e-08,0.999999999999967,4.217305540479216e-05,62669.0,64.0,0.000390625,0.003125,,,,,,
158,1.554007904128347,5.357657538971708e-05,0.001967321693885138,5.357657538972881e-05,7.510944804731746e-08,1.000000000000219,3.8177530328884096e-05,62723.0,64.0,0.000390625,0.003125,,,,,,
159,1.5957488770063057,5.114091231500809e-05,0.0019673198389878535,5.1140912315022696e-05,7.639956960345754e-08,1.0000000000002858,3.883328877363337e-05,62824.0,64.0,0.000390625,0.0015625,,,,,,
160,1.5833073165743565,5.022545618891064e-05,0.0019673181381593794,5.022545618892931e-05,7.725369265674315e-08,1.0000000000003717,3.9267432674556037e-05,62795.0,64.0,0.000390625,0.003125,4.0,-6.462545651820369,-4.879238335246012,0.0018038454002523249,0.24499746723311283,0.038411893678532046
161,1.6032267014225134,4.599384114551777e-05,0.0019673213657969346,4.599384114552472e-05,7.424258207553057e-08,1.000000000000151,3.7736909304640616e-05,62856.0,64.0,0.000390625,0.0015625,,,,,,
162,1.612998536789473,4.6133103330661736e-05,0.0019673190719822413,4.613310333067353e-05,7.741642087764693e-08,1.0000000000002558,3.93501461247335e-05,62778.0,64.0,0.000390625,0.0015625,,,,,,
163,1.600162247818242,4.817922893209254e-05,0.0019673214485026284,4.8179228932099956e-05,7.503189163803918e-08,1.0000000000001539,3.813810902777754e-05,62826.0,64.0,0.000390625,0.0015625,,,,,,
164,1.6002231261598268,4.6151770004922385e-05,0.0019673226916299157,4.615177000492555e-05,7.350195115173367e-08,1.0000000000000686,3.736045254332941e-05,62770.0,64.0,0.000390625,0.0015625,,,,,,
165,1.5497836857887397,4.565953916627334e-05,0.001967322730797779,4.565953916627049e-05,7.059494440280316e-08,0.9999999999999377,3.588284431681643e-05,62646.0,64.0,0.000390625,0.0015625,,,,,,
166,1.58761704055927,4.011710249797535e-05,0.001967315694660653,4.011710249796053e-05,7.841798727624251e-08,0.9999999999996306,3.985923429610025e-05,62684.0,64.0,0.000390625,0.0015625,,,,,,
167,1.583206756683814,4.0795299884815444e-05,0.0019673197759477287,4.079529988479023e-05,7.423309828850031e-08,0.9999999999993819,3.773208877171975e-05,62667.0,64.0,0.000390625,0.003125,,,,,,
168,1.5566057044877148,3.3641747813712245e-05,0.001967314941294289,3.364174781369953e-05,7.715281246469236e-08,0.9999999999996221,3.9216156081640897e-05,62665.0,64.0,0.000390625,0.0015625,,,,,,
169,1.6094440840861732,3.836930194994097e-05,0.001967312392710923,3.83693019499101e-05,8.002740436967145e-08,0.9999999999991955,4.0677288102826396e-05,62789.0,64.0,0.000390625,0.0015625,,,,,,
170,1.6333311614913935,3.446310851401336e-05,0.0019673083597993163,3.446310851397961e-05,8.22067536272352e-08,0.9999999999990208,4.178503385973111e-05,62741.0,64.0,0.000390625,0.0015625,4.25,-6.513111471926224,-4.87978031043483,0.0019151235938890468,0.2507758647355598,0.037949531840888465
171,1.6056415984442174,3.9388974563259665e-05,0.001967299186604231,3.938897456321057e-05,9.394293964125802e-08,0.9999999999987537,4.775044312773044e-05,62768.0,64.0,0.000390625,0.003125,,,,,,
172,1.5167578166592195,4.027827742930145e-05,0.001967302118824742,4.027827742925944e-05,9.287274315675284e-08,0.999999999998957,4.7206470833867725e-05,62683.0,64.0,0.000390625,0.0015625,,,,,,
173,1.5681360463836522,3.7034944827099145e-05,0.0019673085727403066,3.703494482707196e-05,8.544513588788281e-08,0.9999999999992659,4.3431077602383935e-05,62605.0,64.0,0.000390625,0.0015625,,,,,,
174,1.657969986828511,3.6489341619181656e-05,0.0019673131311754915,3.648934161914363e-05,8.435260396396104e-08,0.9999999999989578,4.287575238371743e-05,62772.0,64.0,0.000390625,0.0015625,,,,,,
175,1.5838907494914067,3.839853767235969e-05,0.001967318200347533,3.839853767232892e-05,7.561085584549436e-08,0.9999999999991986,3.843239189317063e-05,62692.0,64.0,0.000390625,0.003125,,,,,,
176,1.5201405256066125,3.7499940779605946e-05,0.001967318763243283,3.749994077955983e-05,7.338884605358671e-08,0.9999999999987702,3.7302962128646335e-05,62680.0,64.0,0.000390625,0.0015625,,,,,,
177,1.5784552099503357,4.020425126872926e-05,0.0019673231682230423,4.020425126871834e-05,7.206264483217387e-08,0.9999999999997283,3.662886467927092e-05,62780.0,64.0,0.000390625,0.003125,,,,,,
178,1.6442946131752763,4.0419658345450286e-05,0.001967323626927408,4.041965834545676e-05,7.605028099639633e-08,1.00000000000016,3.8655748174730125e-05,62821.0,64.0,0.000390625,0.0015625,,,,,,
179,1.6084224960913198,4.513841246040772e-05,0.001967334402856876,4.5138412460407375e-05,6.727670129632302e-08,0.9999999999999923,3.4196207946429996e-05,62845.0,64.0,0.000390625,0.0015625,,,,,,
180,1.5705286846649678,4.93151370442367e-05,0.001967343745858472,4.9315137044218616e-05,5.9436977550578815e-08,0.9999999999996333,3.0211339213475545e-05,62807.0,64.0,0.000390625,0.0015625,4.5,-6.450905419403094,-4.880376734738126,0.0020375812644267354,0.24345864379612772,0.038994940881321605
181,1.5846686169008404,4.564148569382764e-05,0.0019673527487125675,4.564148569381206e-05,5.773554271930051e-08,0.9999999999996587,2.934651352825914e-05,62786.0,64.0,0.000390625,0.0015625,,,,,,
182,1.6063808109838007,4.2445021000439585e-05,0.00196735829131334,4.2445021000434936e-05,5.317279732753284e-08,0.9999999999998905,2.70273066227917e-05,62761.0,64.0,0.000390625,0.0015625,,,,,,
183,1.5177947590723975,4.4045152977065236e-05,0.0019673535757290233,4.4045152977055986e-05,5.8297088481545176e-08,0.99999999999979,2.963194273758639e-05,62738.0,64.0,0.000390625,0.0015625,,,,,,
184,1.5789672096898608,4.439045700604193e-05,0.0019673500519331575,4.439045700602078e-05,5.789949920390441e-08,0.9999999999995236,2.9429851295029033e-05,62781.0,64.0,0.000390625,0.003125,,,,,,
185,1.6707503263691128,4.293107322509668e-05,0.00196734988096891,4.2931073225078364e-05,5.331004019057548e-08,0.9999999999995733,2.7097066069871282e-05,62671.0,64.0,0.000390625,0.003125,,,,,,
186,1.5866819928271114,4.557254970221585e-05,0.001967354165233034,4.557254970220743e-05,4.544463741975923e-08,0.9999999999998151,2.3099144894328158e-05,62779.0,64.0,0.000390625,0.0015625,,,,,,
187,1.5340951762636448,4.757731004859076e-05,0.001967354755666225,4.75773100485714e-05,4.801475265719428e-08,0.9999999999995931,2.440551386623286e-05,62814.0,64.0,0.000390625,0.0015625,,,,,,
188,1.5713321651374388,5.579847486334296e-05,0.0019673616046745057,5.579847486335754e-05,5.598303612245573e-08,1.0000000000002613,2.8455728474021202e-05,62609.0,64.0,0.000390625,0.003125,,,,,,
189,1.608565689307154,5.700348816963516e-05,0.0019673613509699943,5.70034881696448e-05,5.6628507722257896e-08,1.0000000000001692,2.8783816513788933e-05,62756.0,64.0,0.000390625,0.0015625,,,,,,
190,1.5968812271014377,5.6145942798023955e-05,0.0019673598585221025,5.614594279803361e-05,5.995726606104411e-08,1.000000000000172,3.0475797692461373e-05,62853.0,64.0,0.000390625,0.0015625,4.75,-6.477835848280127,-4.880954621178689,0.00215623274619147,0.2465146176134444,0.037732207527353394
191,1.5534812874127717,5.5377316371206476e-05,0.001967367108721921,5.5377316371203576e-05,6.658669022950243e-08,0.9999999999999476,3.384548085262665e-05,62647.0,64.0,0.000390625,0.0015625,,,,,,
192,1.5905328051460488,5.4774915954928164e-05,0.0019673745899200356,5.477491595491362e-05,6.125964336917217e-08,0.9999999999997345,3.113776282515781e-05,62850.0,64.0,0.000390625,0.003125,,,,,,
193,1.6476949221182644,5.9471736131432293e-05,0.0019673750434812697,5.947173613143401e-05,6.730190346936112e-08,1.0000000000000289,3.420898505974256e-05,62851.0,64.0,0.000390625,0.0015625,,,,,,
194,1.585222151042808,5.6945006241096884e-05,0.0019673748220642184,5.6945006241101404e-05,6.921568993881561e-08,1.0000000000000793,3.518175040290126e-05,62802.0,64.0,0.000390625,0.0015625,,,,,,
195,1.5764495410474249,5.776891998003696e-05,0.00196738405538705,5.776891998003894e-05,6.032362607940833e-08,1.0000000000000342,3.0661845568094056e-05,62807.0,64.0,0.000390625,0.003125,,,,,,
196,1.5837024759475566,5.8571077396806634e-05,0.001967388706104449,5.8571077396802263e-05,5.840245129955767e-08,0.9999999999999254,2.9685263068932694e-05,62752.0,64.0,0.000390625,0.0015625,,,,,,
197,1.534127370870667,5.773043084811296e-05,0.001967383408188678,5.773043084811318e-05,5.6836849125716666e-08,1.0000000000000038,2.888956412316447e-05,62559.0,64.0,0.000390625,0.0015625,,,,,,
198,1.5815388761906402,6.154095423469492e-05,0.001967387895214553,6.154095423471049e-05,5.6054483607322655e-08,1.0000000000002531,2.849183109424878e-05,62612.0,64.0,0.000390625,0.0015625,,,,,,
199,1.6174835501984266,5.9626595671007035e-05,0.0019673866190611866,5.9626595671011866e-05,5.373665603745597e-08,1.000000000000081,2.731372446921412e-05,62663.0,64.0,0.000390625,0.0015625,,,,,,
200,1.6017916375243808,5.912469399512e-05,0.0019673860997707787,5.912469399511415e-05,5.658685232167694e-08,0.999999999999901,2.8762454064441093e-05,62924.0,64.0,0.000390625,0.0015625,5.0,-6.483355708249197,-4.881564070724815,0.0022813647559308727,0.2470621248632582,0.037920017626479494
201,1.5760303544959011,5.720414136267887e-05,0.0019673844685427306,5.720414136265615e-05,6.169621245028156e-08,0.9999999999996028,3.1359509763732564e-05,62669.0,64.0,0.000390625,0.0015625,,,,,,
202,1.5807495658989918,5.487632054543472e-05,0.0019673846672387885,5.487632054541058e-05,5.7657740144907196e-08,0.9999999999995601,2.9306795516420008e-05,62761.0,64.0,0.000390625,0.0015625,,,,,,
203,1.6013878583009304,5.653906951247872e-05,0.001967384246559709,5.6539069512457234e-05,5.459920064496849e-08,0.99999999999962,2.7752179443565267e-05,62862.0,64.0,0.000390625,0.0015625,,,,,,
204,1.6191777112667587,5.6016698641777446e-05,0.001967388888780173,5.6016698641770196e-05,5.8707457668780205e-08,0.9999999999998705,2.9840291364652463e-05,62650.0,64.0,0.000390625,0.0015625,,,,,,
205,1.5418595877286856,5.191062845439004e-05,0.0019673948732024577,5.191062845440401e-05,5.2862887140884365e-08,1.0000000000002691,2.6869485054027803e-05,62678.0,64.0,0.000390625,0.0015625,,,,,,
206,1.5457905293122356,5.606009657002787e-05,0.001967392890509192,5.606009657003594e-05,5.466800152447087e-08,1.0000000000001439,2.7787028096010825e-05,62656.0,64.0,0.000390625,0.0015625,,,,,,
207,1.6166801249452207,5.960049394430592e-05,0.0019673877245466906,5.960049394431318e-05,5.1226737208170885e-08,1.0000000000001217,2.6037946953224044e-05,62629.0,64.0,0.000390625,0.0015625,,,,,,
208,1.6187588304411373,5.9600342710602625e-05,0.0019673884613346042,5.9600342710583665e-05,5.180682051266684e-08,0.9999999999996819,2.63327866005288e-05,62812.0,64.0,0.000390625,0.0015625,,,,,,
209,1.533013679575304,5.624065420110451e-05,0.001967393657875753,5.62406542010782e-05,5.281741707895188e-08,0.9999999999995322,2.684638982519657e-05,62560.0,64.0,0.000390625,0.0015625,,,,,,
210,1.56503229983761,5.8274877978286026e-05,0.001967390325132176,5.8274877978291054e-05,3.9099943510476156e-08,1.0000000000000864,1.987401432801561e-05,62834.0,64.0,0.000390625,0.0015625,5.25,-6.447226742975445,-4.882194443137835,0.0024107926428277924,0.24274503786341714,0.039354980734065396
211,1.6921653151799672,6.219928398392622e-05,0.001967401342717877,6.219928398395169e-05,4.598812588839913e-08,1.0000000000004095,2.3375060741225572e-05,62752.0,64.0,0.000390625,0.0015625,,,,,,
212,1.5969573809725666,6.296282194425152e-05,0.001967402462674566,6.296282194427535e-05,4.557304759398723e-08,1.0000000000003784,2.3164069608835095e-05,62677.0,64.0,0.000390625,0.0015625,,,,,,
213,1.467282374652668,6.138404593192168e-05,0.001967402739653865,6.138404593192926e-05,4.507563837465731e-08,1.0000000000001235,2.2911241031710512e-05,62663.0,64.0,0.000390625,0.0015625,,,,,,
214,1.592538285676415,6.064488451428192e-05,0.001967406931821821,6.064488451424138e-05,4.504461533094673e-08,0.9999999999993316,2.2895423718587472e-05,62581.0,64.0,0.000390625,0.003125,,,,,,
215,1.717940373499126,5.716493143305275e-05,0.0019674063717623137,5.716493143302417e-05,4.569230767265828e-08,0.9999999999995001,2.3224641501861753e-05,62778.0,64.0,0.000390625,0.0015625,,,,,,
216,1.57002235615223,5.614282625947166e-05,0.0019674035635810386,5.6142826259452004e-05,4.687986142691743e-08,0.9999999999996498,2.382828937322214e-05,62490.0,64.0,0.000390625,0.003125,,,,,,
217,1.4672835897829664,5.569487124915472e-05,0.001967401950808528,5.5694871249122854e-05,4.226773420821858e-08,0.9999999999994278,2.1484035934216763e-05,62439.0,64.0,0.000390625,0.0015625,,,,,,
218,1.592154487386613,5.877175458834024e-05,0.001967407830990381,5.877175458831272e-05,4.5645823118579885e-08,0.9999999999995318,2.3200996966451057e-05,62876.0,64.0,0.000390625,0.0015625,,,,,,
219,1.686793934109045,6.283793293614517e-05,0.001967406575558582,6.28379329361147e-05,4.5748099232252115e-08,0.9999999999995149,2.3252997016777487e-05,62493.0,64.0,0.000390625,0.0015625,,,,,,
220,1.5591107251821816,6.500749173511378e-05,0.00196740754848025,6.500749173508307e-05,4.759656010442516e-08,0.9999999999995276,2.4192526932811534e-05,62700.0,64.0,0.000390625,0.003125,5.5,-6.441954868554005,-4.882844143371823,0.002544188912500701,0.24202447191812568,0.03908041127110827
221,1.4974170775956113,6.47607644176141e-05,0.0019674039937132935,6.476076441757204e-05,4.537515072579167e-08,0.9999999999993506,2.306346376788138e-05,62583.0,64.0,0.000390625,0.0015625,,,,,,
222,1.6545612239000507,6.585917827765506e-05,0.0019674071763159874,6.585917827761916e-05,5.018599647132391e-08,0.9999999999994549,2.550869849183852e-05,62629.0,64.0,0.000390625,0.0015625,,,,,,
223,1.6208539339856354,6.359804357629063e-05,0.001967406969506541,6.359804357626165e-05,4.8973020121264014e-08,0.9999999999995444,2.4892165617135774e-05,62643.0,64.0,0.000390625,0.0015625,,,,,,
224,1.4933511639168566,6.405429446762085e-05,0.0019674058151507704,6.405429446759033e-05,4.889410783841424e-08,0.9999999999995235,2.4852070407582527e-05,62511.0,64.0,0.000390625,0.0015625,,,,,,
225,1.6070840924326186,6.527805820914897e-05,0.0019674024371147884,6.527805820910738e-05,4.6952005664883595e-08,0.9999999999993628,2.3864972808379303e-05,62720.0,64.0,0.000390625,0.0015625,,,,,,
226,1.6541619463456039,6.16108325222217e-05,0.001967407930630796,6.161083252218563e-05,5.16919380797665e-08,0.9999999999994147,2.627413322624601e-05,62655.0,64.0,0.000390625,0.0015625,,,,,,
227,1.564531578634549,6.359479372283613e-05,0.0019673994432772794,6.35947937228059e-05,4.6784341922554865e-08,0.9999999999995248,2.377978812712372e-05,62779.0,64.0,0.000390625,0.0015625,,,,,,
228,1.563616308167372,6.137156663818344e-05,0.0019673953324629294,6.137156663815456e-05,3.979436797685252e-08,0.9999999999995294,2.0226930154924694e-05,62667.0,64.0,0.000390625,0.0015625,,,,,,
229,1.629101216110684,6.002501033897938e-05,0.001967394161665018,6.0025010338958824e-05,3.3559215308703694e-08,0.9999999999996575,1.7057697924803395e-05,62564.0,64.0,0.000390625,0.003125,,,,,,
230,1.5922147364939332,6.044110966995978e-05,0.001967384665172692,6.0441109669922604e-05,3.8579260980580563e-08,0.9999999999993849,1.9609414296819363e-05,62755.0,64.0,0.000390625,0.0015625,5.75,-6.47570214216511,-4.883487405671177,0.002676263347241614,0.2458752273558997,0.03774199139526656
231,1.5607788940315106,6.04830145762301e-05,0.001967388463525126,6.0483014576195845e-05,3.9448242427042885e-08,0.9999999999994337,2.0051069302480477e-05,62576.0,64.0,0.000390625,0.0015625,,,,,,
232,1.5871363683507642,6.048457960123818e-05,0.001967385034907699,6.048457960120779e-05,3.968859953250772e-08,0.9999999999994975,2.017327509781009e-05,62670.0,64.0,0.000390625,0.0015625,,,,,,
233,1.5522320914769887,6.075758185620203e-05,0.0019673759917132037,6.0757581856167836e-05,3.22205242722789e-08,0.9999999999994372,1.6377410524472783e-05,62531.0,64.0,0.000390625,0.003125,,,,,,
234,1.5404646752652442,5.881966474565773e-05,0.0019673754019948393,5.8819664745625374e-05,3.085302855169872e-08,0.9999999999994499,1.568232911747041e-05,62569.0,64.0,0.000390625,0.0015625,,,,,,
235,1.620410721864512,6.056931751965175e-05,0.0019673814506657094,6.056931751960304e-05,2.8636866417990613e-08,0.9999999999991959,1.455582820926804e-05,62799.0,64.0,0.000390625,0.0015625,,,,,,
236,1.6494122617906513,5.9695334391729527e-05,0.0019673735290168764,5.969533439167407e-05,2.112876917869567e-08,0.999999999999071,1.0739581918261351e-05,62597.0,64.0,0.000390625,0.0015625,,,,,,
237,1.5415867739740012,6.071856525299763e-05,0.0019673727487948454,6.071856525296052e-05,2.6132006769238444e-08,0.9999999999993887,1.32826895540319e-05,62851.0,64.0,0.000390625,0.0015625,,,,,,
238,1.527143787366363,6.0957447436517205e-05,0.001967372060721119,6.095744743649042e-05,2.243296036705899e-08,0.9999999999995606,1.1402493921144416e-05,62692.0,64.0,0.000390625,0.003125,,,,,,
239,1.647355754781694,6.311171811253535e-05,0.0019673666088822423,6.311171811251158e-05,2.1762376359413425e-08,0.9999999999996233,1.106164144578306e-05,62773.0,64.0,0.000390625,0.0015625,,,,,,
240,1.6846422827284173,6.510656589195977e-05,0.0019673613890094812,6.51065658919188e-05,3.3619225677537956e-08,0.9999999999993707,1.7088382903962036e-05,62949.0,64.0,0.000390625,0.0015625,6.0,-6.568748505190636,-4.8841062224622185,0.0028033186370775664,0.2564632032109633,0.03661334894795525
241,1.5295060109087724,6.252246163331729e-05,0.001967352779645982,6.252246163327612e-05,3.010019975200867e-08,0.9999999999993415,1.529969023622485e-05,62695.0,64.0,0.000390625,0.003125,,,,,,
242,1.4933801965117692,5.447716311865825e-05,0.0019673639527160013,5.4477163118633123e-05,3.12786150402939e-08,0.9999999999995388,1.589866928051483e-05,62894.0,64.0,0.000390625,0.003125,,,,,,
243,1.6500871789238876,5.082463250600484e-05,0.0019673695509767456,5.082463250597875e-05,3.245761020415131e-08,0.9999999999994867,1.6497943070909588e-05,62615.0,64.0,0.000390625,0.0015625,,,,,,
244,1.652552841450694,5.3208839051025385e-05,0.0019673619881530723,5.320883905103701e-05,3.7003855059230025e-08,1.0000000000002185,1.880876288585429e-05,62694.0,64.0,0.000390625,0.0015625,,,,,,
245,1.5354558457698126,5.244790302422087e-05,0.001967362167893682,5.244790302423333e-05,3.6867210506232585e-08,1.0000000000002376,1.8739307554974345e-05,62826.0,64.0,0.000390625,0.0015625,,,,,,
246,1.51322057104708,4.876575853059422e-05,0.0019673617436701324,4.876575853061153e-05,3.77066814979781e-08,1.0000000000003548,1.9166003930474167e-05,62578.0,64.0,0.000390625,0.0015625,,,,,,
247,1.5717093850346215,4.966727465854973e-05,0.001967363539345372,4.9667274658556766e-05,3.229775782306205e-08,1.0000000000001417,1.6416691387055714e-05,62731.0,64.0,0.000390625,0.003125,,,,,,
248,1.6308804281079472,5.077573874388228e-05,0.001967363072625491,5.0775738743899916e-05,3.6104755910730635e-08,1.0000000000003473,1.835175799628454e-05,62648.0,64.0,0.000390625,0.0015625,,,,,,
249,1.6264942814122985,4.8513689220082313e-05,0.0019673668724785117,4.851368922009983e-05,4.0606944901435296e-08,1.000000000000361,2.064018456854097e-05,62751.0,64.0,0.000390625,0.0015625,,,,,,
250,1.606699055545216,4.671500047197114e-05,0.001967368742576637,4.671500047199442e-05,4.169446959041148e-08,1.0000000000004985,2.1192964649825053e-05,62859.0,64.0,0.000390625,0.0015625,6.25,-6.491460515995392,-4.884761460450176,0.0029378519168409877,0.2475096400241829,0.03807261455038288
251,1.5811727508252371,4.850005436315164e-05,0.0019673698222045745,4.850005436315555e-05,4.299738948747138e-08,1.0000000000000806,2.185522838866619e-05,62749.0,64.0,0.000390625,0.0015625,,,,,,
252,1.5496253661024315,4.52883642558531e-05,0.00196736950571437,4.528836425585079e-05,5.024058685206383e-08,0.9999999999999489,2.5536887544124435e-05,62668.0,64.0,0.000390625,0.0015625,,,,,,
253,1.5799347559632526,4.5298067373498455e-05,0.0019673783923603253,4.529806737348623e-05,5.4926650680022945e-08,0.9999999999997301,2.791870180810806e-05,62554.0,64.0,0.000390625,0.003125,,,,,,
254,1.6150554085450661,4.026445876109356e-05,0.001967372280640265,4.0264458761100566e-05,5.202801126413807e-08,1.000000000000174,2.644542104392545e-05,62673.0,64.0,0.000390625,0.003125,,,,,,
255,1.5423885523389775,4.5358366290317944e-05,0.001967367568837975,4.535836629028946e-05,4.8059559900747095e-08,0.9999999999993721,2.442828902893428e-05,62591.0,64.0,0.000390625,0.0015625,,,,,,
256,1.5461432019615593,4.8777815240579685e-05,0.0019673630730021,4.877781524055623e-05,4.579124439045406e-08,0.9999999999995192,2.3275322438963665e-05,62601.0,64.0,0.000390625,0.0015625,,,,,,
257,1.670230975413616,4.723108624563522e-05,0.0019673645551757163,4.7231086245599064e-05,5.050338221183469e-08,0.9999999999992344,2.567046431880159e-05,62791.0,64.0,0.000390625,0.0015625,,,,,,
258,1.613145464082122,4.364227321717373e-05,0.0019673654989630614,4.364227321714678e-05,4.6769110490781744e-08,0.9999999999993825,2.3772363938713857e-05,62737.0,64.0,0.000390625,0.0015625,,,,,,
259,1.5053292886070175,4.31497416588416e-05,0.0019673754619239127,4.314974165883295e-05,4.877580377637032e-08,0.9999999999997995,2.4792320896730133e-05,62785.0,64.0,0.000390625,0.003125,,,,,,
260,1.5902537044340035,4.312711846878119e-05,0.001967374824256571,4.3127118468779555e-05,5.2295456913990444e-08,0.9999999999999621,2.658133888327649e-05,62730.0,64.0,0.000390625,0.0015625,6.5,-6.475681893093802,-4.885428188659799,0.0030747443656915256,0.24557316599043882,0.03771048651757574
261,1.5973469295815301,4.686509764349846e-05,0.001967373722959657,4.686509764350694e-05,4.986805496707016e-08,1.000000000000181,2.5347525172822872e-05,62676.0,64.0,0.000390625,0.0015625,,,,,,
262,1.5802558108076148,4.800531047919709e-05,0.001967378196210009,4.800531047920841e-05,4.908758592029051e-08,1.0000000000002358,2.4950762397821466e-05,62821.0,64.0,0.000390625,0.0015625,,,,,,
263,1.6481957419435225,4.639644640106748e-05,0.0019673787689253896,4.6396446401088296e-05,4.8899851769419394e-08,1.0000000000004488,2.4855331643194052e-05,62821.0,64.0,0.000390625,0.0015625,,,,,,
